product_name,source_store,target_store,suggested_qty,final_recommendation,estimated_cost,reason,cost_score,quantity_score,strategy_score,reason_bonus,heuristic_score,heuristic_grade,_estimated_cost_numeric,_suggested_qty_numeric,greedy_rank,is_greedy_selected,greedy_reason,direct_cost,via_cost,estimated_cost_transfer,direct_distance_km,via_distance_km,recommended_distance_km,recommended_time_min,sales_30d,source_dead_stock_qty,target_shortage_qty,greedy_action,dqn_recommended_action,dqn_expected_q,dqn_match_greedy,Q_재고 이동,Q_할인,Q_폐기,Q_보류
농심 육개장사발면,잠원점,선릉점,0.0,다중 경로 추천,2230.0,다중 연결 경로가 기존 직접/DC 경유 방식보다 비용이 낮습니다.,40.0,10.0,18,12,80.0,우선 추천,2230.0,,1,True,휴리스틱 점수가 가장 높아 Greedy 알고리즘에 의해 최적 후보로 선택됨,5721.0,19713.0,5721.0,4.69,18.57,4.69,9.0,372.0,225.0,134.0,재고 이동,재고 이동,69.111,일치,69.111,47.237,22.933,18.987
오뚜기 진라면컵,종로점,청량리점,0.0,다중 경로 추천,3620.0,다중 연결 경로가 기존 직접/DC 경유 방식보다 비용이 낮습니다.,39.13596170880667,10.0,18,12,79.1,우선 추천,3620.0,,2,False,Greedy 선택 후보보다 우선순위가 낮음,7413.0,24060.0,7413.0,6.57,23.4,6.57,13.0,693.0,193.0,466.0,재고 이동,재고 이동,74.115,일치,74.115,50.787,24.384,19.432
유어스 스트링치즈,역삼점,이태원점,0.0,다중 경로 추천,3790.0,다중 연결 경로가 기존 직접/DC 경유 방식보다 비용이 낮습니다.,39.03028796096287,10.0,18,12,79.0,우선 추천,3790.0,,3,False,Greedy 선택 후보보다 우선순위가 낮음,7278.0,19497.0,7278.0,6.42,18.33,6.42,13.0,929.0,202.0,757.0,재고 이동,재고 이동,80.145,일치,80.145,54.945,26.088,20.087
오뚜기 진라면컵,역삼점,사당점,0.0,다중 경로 추천,4100.0,다중 연결 경로가 기존 직접/DC 경유 방식보다 비용이 낮습니다.,38.837588773718316,10.0,18,12,78.8,우선 추천,4100.0,,4,False,Greedy 선택 후보보다 우선순위가 낮음,8511.0,24096.0,8511.0,7.79,23.44,7.79,16.0,693.0,243.0,497.0,재고 이동,재고 이동,75.182,일치,75.182,51.551,24.689,19.473
유어스 복숭아아이스티,사당점,역삼점,0.0,다중 경로 추천,4100.0,다중 연결 경로가 기존 직접/DC 경유 방식보다 비용이 낮습니다.,38.837588773718316,10.0,18,12,78.8,우선 추천,4100.0,,5,False,Greedy 선택 후보보다 우선순위가 낮음,8511.0,24096.0,8511.0,7.79,23.44,7.79,16.0,584.0,193.0,388.0,재고 이동,재고 이동,71.937,일치,71.937,49.299,23.758,19.098
브레디크 우유생크림빵,역삼점,건대점,0.0,다중 경로 추천,4290.0,다중 연결 경로가 기존 직접/DC 경유 방식보다 비용이 낮습니다.,38.719482820245844,10.0,18,12,78.7,우선 추천,4290.0,,6,False,Greedy 선택 후보보다 우선순위가 낮음,8133.0,24447.0,8133.0,7.37,23.83,7.37,15.0,522.0,188.0,314.0,재고 이동,재고 이동,70.371,일치,70.371,48.21,23.312,18.922
카페25 헤이즐넛라떼,문래점,홍대3점,0.0,다중 경로 추천,4390.0,다중 연결 경로가 기존 직접/DC 경유 방식보다 비용이 낮습니다.,38.65732179210244,10.0,18,12,78.7,우선 추천,4390.0,,7,False,Greedy 선택 후보보다 우선순위가 낮음,6720.0,20901.0,6720.0,5.8,19.89,5.8,12.0,275.0,247.0,121.0,재고 이동,재고 이동,67.977,일치,67.977,46.508,22.597,18.657
풀무원 얇은피만두,신촌4점,문래점,0.0,다중 경로 추천,4440.0,다중 연결 경로가 기존 직접/DC 경유 방식보다 비용이 낮습니다.,38.62624127803074,10.0,18,12,78.6,우선 추천,4440.0,,8,False,Greedy 선택 후보보다 우선순위가 낮음,8070.0,19146.0,8070.0,7.3,17.94,7.3,15.0,390.0,184.0,172.0,재고 이동,재고 이동,67.307,일치,67.307,46.051,22.393,18.512
카페25 헤이즐넛라떼,문래점,신촌6점,0.0,다중 경로 추천,4490.0,다중 연결 경로가 기존 직접/DC 경유 방식보다 비용이 낮습니다.,38.595160763959036,10.0,18,12,78.6,우선 추천,4490.0,,9,False,Greedy 선택 후보보다 우선순위가 낮음,8601.0,19362.0,8601.0,7.89,18.18,7.89,16.0,275.0,247.0,122.0,재고 이동,재고 이동,67.438,일치,67.438,46.151,22.434,18.513
유어스 스파클링 자몽,문래점,합정점,0.0,다중 경로 추천,4540.0,다중 연결 경로가 기존 직접/DC 경유 방식보다 비용이 낮습니다.,38.56408024988733,10.0,18,12,78.6,우선 추천,4540.0,,10,False,Greedy 선택 후보보다 우선순위가 낮음,6045.0,21639.0,6045.0,5.05,20.71,5.05,10.0,730.0,212.0,484.0,재고 이동,재고 이동,74.851,일치,74.851,51.274,24.566,19.478
오뚜기 진라면컵,선릉점,사당점,0.0,다중 경로 추천,4830.0,다중 연결 경로가 기존 직접/DC 경유 방식보다 비용이 낮습니다.,38.38381326827146,10.0,18,12,78.4,우선 추천,4830.0,,11,False,Greedy 선택 후보보다 우선순위가 낮음,9546.0,23187.0,9546.0,8.94,22.43,8.94,18.0,693.0,230.0,497.0,재고 이동,재고 이동,74.36,일치,74.36,50.996,24.443,19.29
유어스 샐러드랩,잠실점,왕십리점,251.0,재배치 추천,9987.0,프로모션 순비용이 재배치 비용보다 높습니다.,35.17816904691604,25.0,18,0,78.2,우선 추천,9987.0,251.0,12,False,Greedy 선택 후보보다 우선순위가 낮음,9987.0,19146.0,9987.0,9.43,17.939999999999998,9.43,19.0,944.0,251.0,769.0,재고 이동,재고 이동,95.97,일치,95.97,65.951,31.239,22.241
광동 옥수수수염차,건대점,강남점,0.0,다중 경로 추천,5340.0,다중 연결 경로가 기존 직접/DC 경유 방식보다 비용이 낮습니다.,38.06679202474009,10.0,18,12,78.1,우선 추천,5340.0,,13,False,Greedy 선택 후보보다 우선순위가 낮음,9348.0,23394.0,9348.0,8.72,22.66,8.72,17.0,381.0,203.0,156.0,재고 이동,재고 이동,66.752,일치,66.752,45.716,22.264,18.393
심플리쿡 반숙란,강남점,건대점,0.0,다중 경로 추천,5340.0,다중 연결 경로가 기존 직접/DC 경유 방식보다 비용이 낮습니다.,38.06679202474009,10.0,18,12,78.1,우선 추천,5340.0,,14,False,Greedy 선택 후보보다 우선순위가 낮음,9348.0,23394.0,9348.0,8.72,22.66,8.72,17.0,193.0,181.0,104.0,재고 이동,재고 이동,65.243,일치,65.243,44.663,21.833,18.222
심플리쿡 반숙란,건대점,강남점,0.0,다중 경로 추천,5340.0,다중 연결 경로가 기존 직접/DC 경유 방식보다 비용이 낮습니다.,38.06679202474009,10.0,18,12,78.1,우선 추천,5340.0,,15,False,Greedy 선택 후보보다 우선순위가 낮음,9348.0,23394.0,9348.0,8.72,22.66,8.72,17.0,193.0,199.0,90.0,재고 이동,재고 이동,65.324,일치,65.324,44.72,21.857,18.231
포카리스웨트,잠원점,종로점,0.0,다중 경로 추천,5370.0,다중 연결 경로가 기존 직접/DC 경유 방식보다 비용이 낮습니다.,38.04814371629707,10.0,18,12,78.0,우선 추천,5370.0,,16,False,Greedy 선택 후보보다 우선순위가 낮음,10059.0,22179.0,10059.0,9.51,21.31,9.51,19.0,311.0,211.0,140.0,재고 이동,재고 이동,66.294,일치,66.294,45.403,22.124,18.291
유어스 스트링치즈,종로점,용산점,0.0,다중 경로 추천,5480.0,다중 연결 경로가 기존 직접/DC 경유 방식보다 비용이 낮습니다.,37.97976658533932,10.0,18,12,78.0,우선 추천,5480.0,,17,False,Greedy 선택 후보보다 우선순위가 낮음,7872.0,16896.0,7872.0,7.08,15.44,7.08,14.0,929.0,212.0,752.0,재고 이동,재고 이동,79.38,일치,79.38,54.424,25.836,19.84
혜자로운 햄구이도시락,잠원점,건대점,0.0,다중 경로 추천,5630.0,다중 연결 경로가 기존 직접/DC 경유 방식보다 비용이 낮습니다.,37.886525043124216,10.0,18,12,77.9,우선 추천,5630.0,,18,False,Greedy 선택 후보보다 우선순위가 낮음,10023.0,22242.0,10023.0,9.47,21.380000000000003,9.47,19.0,407.0,200.0,209.0,재고 이동,재고 이동,67.385,일치,67.385,46.165,22.432,18.402
광동 옥수수수염차,건대점,잠원점,0.0,다중 경로 추천,5630.0,다중 연결 경로가 기존 직접/DC 경유 방식보다 비용이 낮습니다.,37.886525043124216,10.0,18,12,77.9,우선 추천,5630.0,,19,False,Greedy 선택 후보보다 우선순위가 낮음,10023.0,22242.0,10023.0,9.47,21.380000000000003,9.47,19.0,381.0,203.0,122.0,재고 이동,재고 이동,65.671,일치,65.671,44.973,21.944,18.204
유어스 제육덮밥컵밥,건대점,잠원점,0.0,다중 경로 추천,5630.0,다중 연결 경로가 기존 직접/DC 경유 방식보다 비용이 낮습니다.,37.886525043124216,10.0,18,12,77.9,우선 추천,5630.0,,20,False,Greedy 선택 후보보다 우선순위가 낮음,10023.0,22242.0,10023.0,9.47,21.380000000000003,9.47,19.0,367.0,225.0,113.0,재고 이동,재고 이동,65.936,일치,65.936,45.158,22.02,18.234
심플리쿡 반숙란,잠원점,건대점,0.0,다중 경로 추천,5630.0,다중 연결 경로가 기존 직접/DC 경유 방식보다 비용이 낮습니다.,37.886525043124216,10.0,18,12,77.9,우선 추천,5630.0,,21,False,Greedy 선택 후보보다 우선순위가 낮음,10023.0,22242.0,10023.0,9.47,21.380000000000003,9.47,19.0,193.0,207.0,104.0,재고 이동,재고 이동,65.385,일치,65.385,44.774,21.863,18.171
유어스 제주녹차,건대점,잠원점,0.0,다중 경로 추천,5630.0,다중 연결 경로가 기존 직접/DC 경유 방식보다 비용이 낮습니다.,37.886525043124216,10.0,18,12,77.9,우선 추천,5630.0,,22,False,Greedy 선택 후보보다 우선순위가 낮음,10023.0,22242.0,10023.0,9.47,21.380000000000003,9.47,19.0,193.0,191.0,95.0,재고 이동,재고 이동,64.875,일치,64.875,44.418,21.717,18.114
오뚜기 진라면컵,역삼점,사당점,243.0,재배치 추천,8511.0,프로모션 순비용이 재배치 비용보다 높습니다.,36.0956658223127,23.802395209580837,18,0,77.9,우선 추천,8511.0,243.0,23,False,Greedy 선택 후보보다 우선순위가 낮음,8511.0,24096.0,8511.0,7.79,23.44,7.79,16.0,693.0,243.0,497.0,재고 이동,재고 이동,90.3,일치,90.3,62.02,29.62,21.685
고메 크리스피핫도그,종로점,강남점,0.0,다중 경로 추천,5780.0,다중 연결 경로가 기존 직접/DC 경유 방식보다 비용이 낮습니다.,37.793283500909105,10.0,18,12,77.8,우선 추천,5780.0,,24,False,Greedy 선택 후보보다 우선순위가 낮음,11022.0,23700.0,11022.0,10.58,23.0,10.58,21.0,899.0,192.0,707.0,재고 이동,재고 이동,77.072,일치,77.072,52.911,25.22,19.493
유어스 에너지드링크,종로점,강남점,0.0,다중 경로 추천,5780.0,다중 연결 경로가 기존 직접/DC 경유 방식보다 비용이 낮습니다.,37.793283500909105,10.0,18,12,77.8,우선 추천,5780.0,,25,False,Greedy 선택 후보보다 우선순위가 낮음,11022.0,23700.0,11022.0,10.58,23.0,10.58,21.0,257.0,182.0,99.0,재고 이동,재고 이동,64.467,일치,64.467,44.158,21.607,18.029
포카리스웨트,건대점,종로점,0.0,다중 경로 추천,6180.0,다중 연결 경로가 기존 직접/DC 경유 방식보다 비용이 낮습니다.,37.54463938833548,10.0,18,12,77.5,우선 추천,6180.0,,26,False,Greedy 선택 후보보다 우선순위가 낮음,10617.0,21153.0,10617.0,10.13,20.17,10.13,20.0,311.0,223.0,140.0,재고 이동,재고 이동,66.05,일치,66.05,45.246,22.038,18.18
유어스 스트링치즈,역삼점,용산점,0.0,다중 경로 추천,6220.0,다중 연결 경로가 기존 직접/DC 경유 방식보다 비용이 낮습니다.,37.51977497707812,10.0,18,12,77.5,우선 추천,6220.0,,27,False,Greedy 선택 후보보다 우선순위가 낮음,10167.0,23880.0,10167.0,9.63,23.200000000000003,9.63,19.0,929.0,202.0,752.0,재고 이동,재고 이동,78.232,일치,78.232,53.711,25.556,19.631
오뚜기 진라면컵,선릉점,청량리점,0.0,다중 경로 추천,6300.0,다중 연결 경로가 기존 직접/DC 경유 방식보다 비용이 낮습니다.,37.4700461545634,10.0,18,12,77.5,우선 추천,6300.0,,28,False,Greedy 선택 후보보다 우선순위가 낮음,10842.0,19794.0,10842.0,10.38,18.66,10.38,21.0,693.0,230.0,466.0,재고 이동,재고 이동,72.694,일치,72.694,49.855,23.93,18.916
농심 육개장사발면,청량리점,선릉점,0.0,다중 경로 추천,6300.0,다중 연결 경로가 기존 직접/DC 경유 방식보다 비용이 낮습니다.,37.4700461545634,10.0,18,12,77.5,우선 추천,6300.0,,29,False,Greedy 선택 후보보다 우선순위가 낮음,10842.0,19794.0,10842.0,10.38,18.66,10.38,21.0,372.0,205.0,134.0,재고 이동,재고 이동,65.408,일치,65.408,44.798,21.843,18.074
유어스 제육덮밥컵밥,건대점,교대점,0.0,다중 경로 추천,6390.0,다중 연결 경로가 기존 직접/DC 경유 방식보다 비용이 낮습니다.,37.41410122923433,10.0,18,12,77.4,우선 추천,6390.0,,30,False,Greedy 선택 후보보다 우선순위가 낮음,11283.0,23952.0,11283.0,10.87,23.28,10.87,22.0,367.0,225.0,128.0,재고 이동,재고 이동,65.525,일치,65.525,44.911,21.91,18.097
유어스 샐러드랩,잠실점,잠원점,251.0,재배치 추천,11445.0,프로모션 순비용이 재배치 비용보다 높습니다.,34.27186125658518,25.0,18,0,77.3,우선 추천,11445.0,251.0,31,False,Greedy 선택 후보보다 우선순위가 낮음,11445.0,26742.0,11445.0,11.05,26.380000000000003,11.05,22.0,944.0,251.0,723.0,재고 이동,재고 이동,94.033,일치,94.033,64.689,30.731,21.926
유어스 스파클링 자몽,문래점,상암점,0.0,다중 경로 추천,6870.0,다중 연결 경로가 기존 직접/DC 경유 방식보다 비용이 낮습니다.,37.11572829414599,10.0,18,12,77.1,우선 추천,6870.0,,32,False,Greedy 선택 후보보다 우선순위가 낮음,8727.0,23286.0,8727.0,8.03,22.54,8.03,16.0,730.0,212.0,461.0,재고 이동,재고 이동,72.582,일치,72.582,49.775,23.914,18.963
제주삼다수,압구정점,강남점,225.0,재배치 추천,5667.0,프로모션 순비용이 재배치 비용보다 높습니다.,37.86352546271115,21.107784431137723,18,0,77.0,우선 추천,5667.0,225.0,33,False,Greedy 선택 후보보다 우선순위가 낮음,5667.0,20181.0,5667.0,4.63,19.090000000000003,4.63,9.0,448.0,225.0,272.0,재고 이동,재고 이동,85.241,일치,85.241,58.428,28.071,21.179
오뚜기 진라면컵,역삼점,청량리점,0.0,다중 경로 추천,7190.0,다중 연결 경로가 기존 직접/DC 경유 방식보다 비용이 낮습니다.,36.91681300408709,10.0,18,12,76.9,우선 추천,7190.0,,34,False,Greedy 선택 후보보다 우선순위가 낮음,11544.0,20703.0,11544.0,11.16,19.67,11.16,22.0,693.0,243.0,466.0,재고 이동,재고 이동,72.422,일치,72.422,49.69,23.852,18.81
심플리쿡 리코타치즈샐러드,신촌4점,여의도2점,224.0,재배치 추천,5901.0,프로모션 순비용이 재배치 비용보다 높습니다.,37.718068656855586,20.958083832335326,18,0,76.7,우선 추천,5901.0,224.0,35,False,Greedy 선택 후보보다 우선순위가 낮음,5901.0,16176.0,5901.0,4.89,14.64,4.89,10.0,774.0,224.0,538.0,재고 이동,재고 이동,90.285,일치,90.285,61.911,29.479,21.684
브레디크 우유생크림빵,홍대점,신촌2점,215.0,재배치 추천,4056.0,프로모션 순비용이 재배치 비용보다 높습니다.,38.86493962610142,19.610778443113773,18,0,76.5,우선 추천,4056.0,215.0,36,False,Greedy 선택 후보보다 우선순위가 낮음,4056.0,13476.0,4056.0,2.84,11.64,2.84,6.0,522.0,215.0,256.0,재고 이동,재고 이동,84.539,일치,84.539,57.872,27.78,21.09
제주삼다수,압구정점,강남2점,225.0,재배치 추천,6549.0,프로모션 순비용이 재배치 비용보다 높습니다.,37.315265194486315,21.107784431137723,18,0,76.4,우선 추천,6549.0,225.0,37,False,Greedy 선택 후보보다 우선순위가 낮음,6549.0,19452.0,6549.0,5.61,18.28,5.61,11.0,448.0,225.0,257.0,재고 이동,재고 이동,84.271,일치,84.271,57.774,27.781,20.963
농심 육개장사발면,잠원점,신촌2점,0.0,다중 경로 추천,8060.0,다중 연결 경로가 기존 직접/DC 경유 방식보다 비용이 낮습니다.,36.37601205923946,10.0,18,12,76.4,우선 추천,8060.0,,38,False,Greedy 선택 후보보다 우선순위가 낮음,11391.0,15726.0,11391.0,10.99,14.14,10.99,22.0,372.0,225.0,168.0,재고 이동,재고 이동,65.585,일치,65.585,44.926,21.846,17.915
유어스 제육덮밥컵밥,청량리점,잠원점,0.0,다중 경로 추천,8530.0,다중 연결 경로가 기존 직접/DC 경유 방식보다 비용이 낮습니다.,36.083855226965454,10.0,18,12,76.1,우선 추천,8530.0,,39,False,Greedy 선택 후보보다 우선순위가 낮음,11805.0,23997.0,11805.0,11.45,23.33,11.45,23.0,367.0,221.0,113.0,재고 이동,재고 이동,64.071,일치,64.071,43.939,21.468,17.753
오뚜기 진라면컵,역삼점,청량리점,243.0,재배치 추천,11544.0,프로모션 순비용이 재배치 비용보다 높습니다.,34.21032183872321,23.802395209580837,18,0,76.0,우선 추천,11544.0,243.0,40,False,Greedy 선택 후보보다 우선순위가 낮음,11544.0,20703.0,11544.0,11.16,19.67,11.16,22.0,693.0,243.0,466.0,재고 이동,재고 이동,87.552,일치,87.552,60.167,28.787,21.026
유어스 샐러드랩,여의도2점,합정점,214.0,재배치 추천,5127.0,프로모션 순비용이 재배치 비용보다 높습니다.,38.19919501468554,19.46107784431138,18,0,75.7,우선 추천,5127.0,214.0,41,False,Greedy 선택 후보보다 우선순위가 낮음,5127.0,18669.0,5127.0,4.03,17.41,4.03,8.0,944.0,214.0,678.0,재고 이동,재고 이동,92.303,일치,92.303,63.315,30.034,21.912
서울우유 초코우유,선릉점,잠실7점,225.0,재배치 추천,7944.0,프로모션 순비용이 재배치 비용보다 높습니다.,36.44811885188581,21.107784431137723,18,0,75.6,우선 추천,7944.0,225.0,42,False,Greedy 선택 후보보다 우선순위가 낮음,7944.0,29280.0,7944.0,7.16,29.2,7.16,14.0,838.0,225.0,589.0,재고 이동,재고 이동,90.106,일치,90.106,61.917,29.522,21.575
심플리쿡 리코타치즈샐러드,신촌4점,종로점,224.0,재배치 추천,8097.0,프로모션 순비용이 재배치 비용보다 높습니다.,36.3530124788264,20.958083832335326,18,0,75.3,우선 추천,8097.0,224.0,43,False,Greedy 선택 후보보다 우선순위가 낮음,8097.0,26373.0,8097.0,7.33,25.97,7.33,15.0,774.0,224.0,509.0,재고 이동,재고 이동,88.108,일치,88.108,60.521,28.919,21.276
오뚜기 진라면컵,선릉점,사당점,230.0,재배치 추천,9546.0,프로모션 순비용이 재배치 비용보다 높습니다.,35.45229918102845,21.856287425149702,18,0,75.3,우선 추천,9546.0,230.0,44,False,Greedy 선택 후보보다 우선순위가 낮음,9546.0,23187.0,9546.0,8.94,22.43,8.94,18.0,693.0,230.0,497.0,재고 이동,재고 이동,87.703,일치,87.703,60.25,28.799,21.121
서울우유 초코우유,구로점,홍대점,231.0,재배치 추천,10131.0,프로모션 순비용이 재배치 비용보다 높습니다.,35.08865716638953,22.005988023952096,18,0,75.1,우선 추천,10131.0,231.0,45,False,Greedy 선택 후보보다 우선순위가 낮음,10131.0,23538.0,10131.0,9.59,22.82,9.59,19.0,838.0,231.0,665.0,재고 이동,재고 이동,90.897,일치,90.897,62.481,29.719,21.448
유어스 직화불고기컵밥,강남점,종로점,234.0,재배치 추천,11022.0,프로모션 순비용이 재배치 비용보다 높습니다.,34.534802405631794,22.45508982035928,18,0,75.0,우선 추천,11022.0,234.0,46,False,Greedy 선택 후보보다 우선순위가 낮음,11022.0,23700.0,11022.0,10.58,23.0,10.58,21.0,781.0,234.0,556.0,재고 이동,재고 이동,88.463,일치,88.463,60.813,29.031,21.107
유어스 스파클링 자몽,문래점,합정점,212.0,재배치 추천,6045.0,프로모션 순비용이 재배치 비용보다 높습니다.,37.62855677632908,19.16167664670659,18,0,74.8,우선 추천,6045.0,212.0,47,False,Greedy 선택 후보보다 우선순위가 낮음,6045.0,21639.0,6045.0,5.05,20.71,5.05,10.0,730.0,212.0,484.0,재고 이동,재고 이동,87.392,일치,87.392,59.953,28.633,21.246
유어스 냉동볶음밥,여의도점,목동점,223.0,재배치 추천,8646.0,프로모션 순비용이 재배치 비용보다 높습니다.,36.0117484343191,20.808383233532936,18,0,74.8,우선 추천,8646.0,223.0,48,False,Greedy 선택 후보보다 우선순위가 낮음,8646.0,24798.0,8646.0,7.94,24.22,7.94,16.0,573.0,223.0,341.0,재고 이동,재고 이동,84.156,일치,84.156,57.784,27.766,20.739
유어스 초코브라우니,상암점,여의도2점,221.0,재배치 추천,8727.0,프로모션 순비용이 재배치 비용보다 높습니다.,35.961398001522944,20.508982035928145,18,0,74.5,우선 추천,8727.0,221.0,49,False,Greedy 선택 후보보다 우선순위가 낮음,8727.0,20316.0,8727.0,8.03,19.240000000000002,8.03,16.0,578.0,221.0,379.0,재고 이동,재고 이동,84.612,일치,84.612,58.076,27.853,20.729
오뚜기 진라면컵,선릉점,청량리점,230.0,재배치 추천,10842.0,프로모션 순비용이 재배치 비용보다 높습니다.,34.64669225628992,21.856287425149702,18,0,74.5,우선 추천,10842.0,230.0,50,False,Greedy 선택 후보보다 우선순위가 낮음,10842.0,19794.0,10842.0,10.38,18.66,10.38,21.0,693.0,230.0,466.0,재고 이동,재고 이동,86.112,일치,86.112,59.159,28.308,20.767
혜자로운 햄구이도시락,압구정점,건대점,209.0,재배치 추천,5964.0,프로모션 순비용이 재배치 비용보다 높습니다.,37.67890720912524,18.7125748502994,18,0,74.4,우선 추천,5964.0,209.0,51,False,Greedy 선택 후보보다 우선순위가 낮음,5964.0,21090.0,5964.0,4.96,20.1,4.96,10.0,407.0,213.0,209.0,재고 이동,재고 이동,81.461,일치,81.461,55.837,26.914,20.527
유어스 초코브라우니,상암점,여의도점,221.0,재배치 추천,9456.0,프로모션 순비용이 재배치 비용보다 높습니다.,35.50824410635752,20.508982035928145,18,0,74.0,우선 추천,9456.0,221.0,52,False,Greedy 선택 후보보다 우선순위가 낮음,9456.0,20361.0,9456.0,8.84,19.29,8.84,18.0,578.0,221.0,343.0,재고 이동,재고 이동,83.287,일치,83.287,57.178,27.467,20.488
유어스 냉동볶음밥,잠실점,강남점,223.0,재배치 추천,10095.0,프로모션 순비용이 재배치 비용보다 높습니다.,35.11103513652116,20.808383233532936,18,0,73.9,우선 추천,10095.0,223.0,53,False,Greedy 선택 후보보다 우선순위가 낮음,10095.0,27894.0,10095.0,9.55,27.66,9.55,19.0,573.0,223.0,342.0,재고 이동,재고 이동,83.166,일치,83.166,57.153,27.497,20.499
유어스 스트링치즈,종로점,용산점,212.0,재배치 추천,7872.0,프로모션 순비용이 재배치 비용보다 높습니다.,36.49287479214906,19.16167664670659,18,0,73.7,우선 추천,7872.0,212.0,54,False,Greedy 선택 후보보다 우선순위가 낮음,7872.0,16896.0,7872.0,7.08,15.44,7.08,14.0,929.0,212.0,752.0,재고 이동,재고 이동,91.549,일치,91.549,62.854,29.78,21.496
유어스 에그마요샌드위치,여의도2점,종로점,225.0,재배치 추천,10950.0,프로모션 순비용이 재배치 비용보다 높습니다.,34.579558345895045,21.107784431137723,18,0,73.7,우선 추천,10950.0,225.0,55,False,Greedy 선택 후보보다 우선순위가 낮음,10950.0,25347.0,10950.0,10.5,24.83,10.5,21.0,647.0,225.0,470.0,재고 이동,재고 이동,85.444,일치,85.444,58.737,28.135,20.672
유어스 매콤닭강정,잠실점,강남점,221.0,재배치 추천,10095.0,프로모션 순비용이 재배치 비용보다 높습니다.,35.11103513652116,20.508982035928145,18,0,73.6,우선 추천,10095.0,221.0,56,False,Greedy 선택 후보보다 우선순위가 낮음,10095.0,27894.0,10095.0,9.55,27.66,9.55,19.0,681.0,221.0,411.0,재고 이동,재고 이동,84.285,일치,84.285,57.931,27.808,20.605
혜자로운 햄구이도시락,압구정점,강남2점,204.0,재배치 추천,6549.0,프로모션 순비용이 재배치 비용보다 높습니다.,37.315265194486315,17.964071856287426,18,0,73.3,우선 추천,6549.0,204.0,57,False,Greedy 선택 후보보다 우선순위가 낮음,6549.0,19452.0,6549.0,5.61,18.28,5.61,11.0,407.0,213.0,204.0,재고 이동,재고 이동,80.352,일치,80.352,55.076,26.556,20.27
유어스 에그마요샌드위치,여의도2점,사당점,225.0,재배치 추천,11652.0,프로모션 순비용이 재배치 비용보다 높습니다.,34.14318792832833,21.107784431137723,18,0,73.3,우선 추천,11652.0,225.0,58,False,Greedy 선택 후보보다 우선순위가 낮음,11652.0,23745.0,11652.0,11.28,23.049999999999997,11.28,23.0,647.0,225.0,465.0,재고 이동,재고 이동,84.79,일치,84.79,58.293,27.931,20.502
카페25 아이스아메리카노,여의도6점,신촌4점,208.0,재배치 추천,7701.0,프로모션 순비용이 재배치 비용보다 높습니다.,36.59917015027429,18.562874251497004,18,0,73.2,우선 추천,7701.0,208.0,59,False,Greedy 선택 후보보다 우선순위가 낮음,7701.0,16797.0,7701.0,6.89,15.329999999999998,6.89,14.0,447.0,223.0,208.0,재고 이동,재고 이동,80.248,일치,80.248,55.015,26.518,20.151
유어스 스파클링 자몽,문래점,상암점,212.0,재배치 추천,8727.0,프로모션 순비용이 재배치 비용보다 높습니다.,35.961398001522944,19.16167664670659,18,0,73.1,우선 추천,8727.0,212.0,60,False,Greedy 선택 후보보다 우선순위가 낮음,8727.0,23286.0,8727.0,8.03,22.54,8.03,16.0,730.0,212.0,461.0,재고 이동,재고 이동,84.973,일치,84.973,58.354,27.934,20.689
빙그레 붕어싸만코,왕십리점,잠원점,212.0,재배치 추천,9069.0,프로모션 순비용이 재배치 비용보다 높습니다.,35.7488072852725,19.16167664670659,18,0,72.9,우선 추천,9069.0,212.0,61,False,Greedy 선택 후보보다 우선순위가 낮음,9069.0,22296.0,9069.0,8.41,21.439999999999998,8.41,17.0,479.0,212.0,291.0,재고 이동,재고 이동,81.229,일치,81.229,55.76,26.851,20.207
남양 불가리스,잠원점,압구정점,198.0,재배치 추천,5820.0,프로모션 순비용이 재배치 비용보다 높습니다.,37.76841908965174,17.065868263473057,18,0,72.8,우선 추천,5820.0,198.0,62,False,Greedy 선택 후보보다 우선순위가 낮음,5820.0,19380.0,5820.0,4.8,18.200000000000003,4.8,10.0,672.0,198.0,439.0,재고 이동,재고 이동,84.527,일치,84.527,57.962,27.727,20.747
유어스 매콤닭강정,잠실점,잠원점,221.0,재배치 추천,11445.0,프로모션 순비용이 재배치 비용보다 높습니다.,34.27186125658518,20.508982035928145,18,0,72.8,우선 추천,11445.0,221.0,63,False,Greedy 선택 후보보다 우선순위가 낮음,11445.0,26742.0,11445.0,11.05,26.380000000000003,11.05,22.0,681.0,221.0,513.0,재고 이동,재고 이동,85.404,일치,85.404,58.734,28.112,20.582
빙그레 바나나맛우유,잠실7점,잠원점,223.0,재배치 추천,12120.0,프로모션 순비용이 재배치 비용보다 높습니다.,33.8522743166172,20.808383233532936,18,0,72.7,우선 추천,12120.0,223.0,64,False,Greedy 선택 후보보다 우선순위가 낮음,12120.0,27084.0,12120.0,11.8,26.759999999999998,11.8,24.0,782.0,223.0,599.0,재고 이동,재고 이동,86.909,일치,86.909,59.797,28.551,20.701
연세우유 생크림우유,역삼점,잠실점,206.0,재배치 추천,8151.0,프로모션 순비용이 재배치 비용보다 높습니다.,36.319445523628964,18.263473053892216,18,0,72.6,우선 추천,8151.0,206.0,65,False,Greedy 선택 후보보다 우선순위가 낮음,8151.0,28947.0,8151.0,7.39,28.83,7.39,15.0,853.0,206.0,660.0,재고 이동,재고 이동,88.581,일치,88.581,60.883,28.987,21.143
유어스 냉동볶음밥,여의도점,강남점,223.0,재배치 추천,12255.0,프로모션 순비용이 재배치 비용보다 높습니다.,33.7683569286236,20.808383233532936,18,0,72.6,우선 추천,12255.0,223.0,66,False,Greedy 선택 후보보다 우선순위가 낮음,12255.0,21072.0,12255.0,11.95,20.08,11.95,24.0,573.0,223.0,342.0,재고 이동,재고 이동,81.578,일치,81.578,56.065,26.976,20.025
유어스 스트링치즈,역삼점,이태원점,202.0,재배치 추천,7278.0,프로모션 순비용이 재배치 비용보다 높습니다.,36.862111299320894,17.664670658682635,18,0,72.5,우선 추천,7278.0,202.0,67,False,Greedy 선택 후보보다 우선순위가 낮음,7278.0,19497.0,7278.0,6.42,18.33,6.42,13.0,929.0,202.0,757.0,재고 이동,재고 이동,90.573,일치,90.573,62.19,29.477,21.345
유어스 에그마요샌드위치,여의도2점,강남점,225.0,재배치 추천,12894.0,프로모션 순비용이 재배치 비용보다 높습니다.,33.37114795878724,21.107784431137723,18,0,72.5,우선 추천,12894.0,225.0,68,False,Greedy 선택 후보보다 우선순위가 낮음,12894.0,21027.0,12894.0,12.66,20.03,12.66,25.0,647.0,225.0,396.0,재고 이동,재고 이동,82.559,일치,82.559,56.757,27.262,20.1
CJ 비비고 왕교자,교대점,신촌6점,232.0,재배치 추천,14514.0,프로모션 순비용이 재배치 비용보다 높습니다.,32.36413930286407,22.15568862275449,18,0,72.5,우선 추천,14514.0,232.0,69,False,Greedy 선택 후보보다 우선순위가 낮음,14514.0,18759.0,14514.0,14.46,17.51,14.46,29.0,525.0,232.0,335.0,재고 이동,재고 이동,81.085,일치,81.085,55.758,26.845,19.808
고메 크리스피핫도그,성수점,강남점,203.0,재배치 추천,7944.0,프로모션 순비용이 재배치 비용보다 높습니다.,36.44811885188581,17.81437125748503,18,0,72.3,우선 추천,7944.0,203.0,70,False,Greedy 선택 후보보다 우선순위가 낮음,7944.0,22143.0,7944.0,7.16,21.27,7.16,14.0,899.0,203.0,707.0,재고 이동,재고 이동,89.31,일치,89.31,61.342,29.131,21.169
빙그레 붕어싸만코,왕십리점,잠실2점,212.0,재배치 추천,10167.0,프로모션 순비용이 재배치 비용보다 높습니다.,35.06627919625791,19.16167664670659,18,0,72.2,우선 추천,10167.0,212.0,71,False,Greedy 선택 후보보다 우선순위가 낮음,10167.0,19956.0,10167.0,9.63,18.84,9.63,19.0,479.0,212.0,307.0,재고 이동,재고 이동,80.803,일치,80.803,55.476,26.704,20.028
유어스 초코브라우니,강남2점,여의도점,225.0,재배치 추천,13551.0,프로모션 순비용이 재배치 비용보다 높습니다.,32.96275000388506,21.107784431137723,18,0,72.1,우선 추천,13551.0,225.0,72,False,Greedy 선택 후보보다 우선순위가 낮음,13551.0,22503.0,13551.0,13.39,21.67,13.39,27.0,578.0,225.0,343.0,재고 이동,재고 이동,80.944,일치,80.944,55.665,26.806,19.846
서울우유 딸기우유,성남4점,강남2점,235.0,재배치 추천,15918.0,프로모션 순비용이 재배치 비용보다 높습니다.,31.491398467730658,22.604790419161677,18,0,72.1,우선 추천,15918.0,235.0,73,False,Greedy 선택 후보보다 우선순위가 낮음,15918.0,39729.0,15918.0,16.02,40.81,16.02,32.0,904.0,235.0,720.0,재고 이동,재고 이동,88.448,일치,88.448,61.026,29.123,20.72
오뚜기 진라면컵,역삼점,문래점,243.0,재배치 추천,17799.0,프로모션 순비용이 재배치 비용보다 높습니다.,30.322149528353197,23.802395209580837,18,0,72.1,우선 추천,17799.0,243.0,74,False,Greedy 선택 후보보다 우선순위가 낮음,17799.0,25050.0,17799.0,18.11,24.5,18.11,36.0,693.0,243.0,428.0,재고 이동,재고 이동,82.255,일치,82.255,56.679,27.261,19.775
유어스 방울토마토,건대점,강남점,207.0,재배치 추천,9348.0,프로모션 순비용이 재배치 비용보다 높습니다.,35.575378016752396,18.41317365269461,18,0,72.0,우선 추천,9348.0,207.0,75,False,Greedy 선택 후보보다 우선순위가 낮음,9348.0,23394.0,9348.0,8.72,22.66,8.72,17.0,763.0,207.0,484.0,재고 이동,재고 이동,84.331,일치,84.331,57.928,27.724,20.5
유어스 직화불고기컵밥,강남점,문래점,234.0,재배치 추천,15855.0,프로모션 순비용이 재배치 비용보다 높습니다.,31.530559915461,22.45508982035928,18,0,72.0,우선 추천,15855.0,234.0,76,False,Greedy 선택 후보보다 우선순위가 낮음,15855.0,23997.0,15855.0,15.95,23.33,15.95,32.0,781.0,234.0,578.0,재고 이동,재고 이동,85.392,일치,85.392,58.809,28.122,20.23
유어스 방울토마토,건대점,강남2점,207.0,재배치 추천,9564.0,프로모션 순비용이 재배치 비용보다 높습니다.,35.441110195962644,18.41317365269461,18,0,71.9,우선 추천,9564.0,207.0,77,False,Greedy 선택 후보보다 우선순위가 낮음,9564.0,24825.0,9564.0,8.96,24.25,8.96,18.0,763.0,207.0,565.0,재고 이동,재고 이동,85.782,일치,85.782,58.951,28.149,20.649
빙그레 바나나맛우유,여의도5점,잠원점,215.0,재배치 추천,11382.0,프로모션 순비용이 재배치 비용보다 높습니다.,34.311022704315526,19.610778443113773,18,0,71.9,우선 추천,11382.0,215.0,78,False,Greedy 선택 후보보다 우선순위가 낮음,11382.0,21207.0,11382.0,10.98,20.23,10.98,22.0,782.0,215.0,599.0,재고 이동,재고 이동,86.289,일치,86.289,59.319,28.293,20.571
유어스 치즈케이크,압구정점,잠원점,191.0,재배치 추천,5820.0,프로모션 순비용이 재배치 비용보다 높습니다.,37.76841908965174,16.017964071856287,18,0,71.8,우선 추천,5820.0,191.0,79,False,Greedy 선택 후보보다 우선순위가 낮음,5820.0,19380.0,5820.0,4.8,18.200000000000003,4.8,10.0,376.0,221.0,191.0,재고 이동,재고 이동,79.083,일치,79.083,54.192,26.133,20.04
빙그레 붕어싸만코,강남점,잠실2점,212.0,재배치 추천,10878.0,프로모션 순비용이 재배치 비용보다 높습니다.,34.62431428615829,19.16167664670659,18,0,71.8,우선 추천,10878.0,212.0,80,False,Greedy 선택 후보보다 우선순위가 낮음,10878.0,28254.0,10878.0,10.42,28.06,10.42,21.0,479.0,212.0,307.0,재고 이동,재고 이동,80.277,일치,80.277,55.183,26.613,19.954
유어스 스트링치즈,종로점,여의도점,212.0,재배치 추천,10923.0,프로모션 순비용이 재배치 비용보다 높습니다.,34.59634182349376,19.16167664670659,18,0,71.8,우선 추천,10923.0,212.0,81,False,Greedy 선택 후보보다 우선순위가 낮음,10923.0,24699.0,10923.0,10.47,24.11,10.47,21.0,929.0,212.0,758.0,재고 이동,재고 이동,89.463,일치,89.463,61.533,29.221,20.986
유어스 샐러드랩,여의도2점,잠원점,214.0,재배치 추천,11337.0,프로모션 순비용이 재배치 비용보다 높습니다.,34.33899516698006,19.46107784431138,18,0,71.8,우선 추천,11337.0,214.0,82,False,Greedy 선택 후보보다 우선순위가 낮음,11337.0,19875.0,11337.0,10.93,18.75,10.93,22.0,944.0,214.0,723.0,재고 이동,재고 이동,88.7,일치,88.7,60.983,28.97,20.832
매일 소화가잘되는우유,청량리점,신촌4점,225.0,재배치 추천,14010.0,프로모션 순비용이 재배치 비용보다 높습니다.,32.67743088470684,21.107784431137723,18,0,71.8,우선 추천,14010.0,225.0,83,False,Greedy 선택 후보보다 우선순위가 낮음,14010.0,26949.0,14010.0,13.9,26.61,13.9,28.0,713.0,225.0,537.0,재고 이동,재고 이동,84.582,일치,84.582,58.228,27.88,20.253
유어스 치즈케이크,압구정점,강남점,190.0,재배치 추천,5667.0,프로모션 순비용이 재배치 비용보다 높습니다.,37.86352546271115,15.868263473053892,18,0,71.7,우선 추천,5667.0,190.0,84,False,Greedy 선택 후보보다 우선순위가 낮음,5667.0,20181.0,5667.0,4.63,19.090000000000003,4.63,9.0,376.0,221.0,190.0,재고 이동,재고 이동,79.115,일치,79.115,54.213,26.143,20.065
유어스 냉동볶음밥,이태원점,여의도2점,207.0,재배치 추천,9861.0,프로모션 순비용이 재배치 비용보다 높습니다.,35.25649194237673,18.41317365269461,18,0,71.7,우선 추천,9861.0,207.0,85,False,Greedy 선택 후보보다 우선순위가 낮음,9861.0,16635.0,9861.0,9.29,15.149999999999999,9.29,19.0,573.0,207.0,333.0,재고 이동,재고 이동,80.76,일치,80.76,55.427,26.645,19.961
유어스 초코브라우니,강남2점,여의도2점,225.0,재배치 추천,14208.0,프로모션 순비용이 재배치 비용보다 높습니다.,32.55435204898289,21.107784431137723,18,0,71.7,우선 추천,14208.0,225.0,86,False,Greedy 선택 후보보다 우선순위가 낮음,14208.0,22458.0,14208.0,14.12,21.619999999999997,14.12,28.0,578.0,225.0,379.0,재고 이동,재고 이동,81.264,일치,81.264,55.901,26.894,19.821
유어스 방울토마토,건대점,잠원점,207.0,재배치 추천,10023.0,프로모션 순비용이 재배치 비용보다 높습니다.,35.15579107678441,18.41317365269461,18,0,71.6,우선 추천,10023.0,207.0,87,False,Greedy 선택 후보보다 우선순위가 낮음,10023.0,22242.0,10023.0,9.47,21.380000000000003,9.47,19.0,763.0,207.0,598.0,재고 이동,재고 이동,86.113,일치,86.113,59.177,28.221,20.616
브레디크 우유생크림빵,신촌2점,성수점,224.0,재배치 추천,14019.0,프로모션 순비용이 재배치 비용보다 높습니다.,32.67183639217392,20.958083832335326,18,0,71.6,우선 추천,14019.0,224.0,88,False,Greedy 선택 후보보다 우선순위가 낮음,14019.0,16185.0,14019.0,13.91,14.65,13.91,28.0,522.0,224.0,363.0,재고 이동,재고 이동,80.834,일치,80.834,55.563,26.717,19.716
유어스 스파클링 레몬,목동점,이태원점,232.0,재배치 추천,16440.0,프로모션 순비용이 재배치 비용보다 높습니다.,31.166917900822078,22.15568862275449,18,0,71.3,우선 추천,16440.0,232.0,89,False,Greedy 선택 후보보다 우선순위가 낮음,16440.0,22170.0,16440.0,16.6,21.3,16.6,33.0,796.0,232.0,614.0,재고 이동,재고 이동,85.432,일치,85.432,58.842,28.105,20.137
유어스 복숭아아이스티,홍대점,문래점,190.0,재배치 추천,6630.0,프로모션 순비용이 재배치 비용보다 높습니다.,37.26491476169016,15.868263473053892,18,0,71.1,우선 추천,6630.0,190.0,90,False,Greedy 선택 후보보다 우선순위가 낮음,6630.0,20595.0,6630.0,5.7,19.55,5.7,11.0,584.0,190.0,350.0,재고 이동,재고 이동,81.07,일치,81.07,55.597,26.701,20.192
오뚜기 진라면컵,종로점,청량리점,193.0,재배치 추천,7413.0,프로모션 순비용이 재배치 비용보다 높습니다.,36.77819391132729,16.317365269461078,18,0,71.1,우선 추천,7413.0,193.0,91,False,Greedy 선택 후보보다 우선순위가 낮음,7413.0,24060.0,7413.0,6.57,23.4,6.57,13.0,693.0,193.0,466.0,재고 이동,재고 이동,83.299,일치,83.299,57.182,27.377,20.427
매일 소화가잘되는우유,과천4점,여의도5점,224.0,재배치 추천,14856.0,프로모션 순비용이 재배치 비용보다 높습니다.,32.15154858661362,20.958083832335326,18,0,71.1,우선 추천,14856.0,224.0,92,False,Greedy 선택 후보보다 우선순위가 낮음,14856.0,30441.0,14856.0,14.84,30.490000000000002,14.84,30.0,713.0,224.0,559.0,재고 이동,재고 이동,84.261,일치,84.261,58.05,27.804,20.139
서울우유 딸기우유,광명5점,안양4점,238.0,재배치 추천,18222.0,프로모션 순비용이 재배치 비용보다 높습니다.,30.059208379306593,23.053892215568865,18,0,71.1,우선 추천,18222.0,238.0,93,False,Greedy 선택 후보보다 우선순위가 낮음,18222.0,44589.0,18222.0,18.58,46.209999999999994,18.58,37.0,904.0,238.0,663.0,재고 이동,재고 이동,86.076,일치,86.076,59.466,28.48,20.275
비비고 김치왕교자,여의도2점,종로점,207.0,재배치 추천,10950.0,프로모션 순비용이 재배치 비용보다 높습니다.,34.579558345895045,18.41317365269461,18,0,71.0,우선 추천,10950.0,207.0,94,False,Greedy 선택 후보보다 우선순위가 낮음,10950.0,25347.0,10950.0,10.5,24.83,10.5,21.0,526.0,207.0,345.0,재고 이동,재고 이동,80.287,일치,80.287,55.178,26.569,19.868
연세우유 생크림우유,교대점,잠실점,211.0,재배치 추천,11850.0,프로모션 순비용이 재배치 비용보다 높습니다.,34.02010909260439,19.01197604790419,18,0,71.0,우선 추천,11850.0,211.0,95,False,Greedy 선택 후보보다 우선순위가 낮음,11850.0,28452.0,11850.0,11.5,28.28,11.5,23.0,853.0,211.0,660.0,재고 이동,재고 이동,86.639,일치,86.639,59.622,28.427,20.575
카페25 아이스카페라떼,여의도2점,교대점,211.0,재배치 추천,11967.0,프로모션 순비용이 재배치 비용보다 높습니다.,33.947380689676606,19.01197604790419,18,0,71.0,우선 추천,11967.0,211.0,96,False,Greedy 선택 후보보다 우선순위가 낮음,11967.0,21585.0,11967.0,11.63,20.65,11.63,23.0,608.0,211.0,416.0,재고 이동,재고 이동,81.614,일치,81.614,56.096,26.934,19.934
매일 상하목장 우유,강남점,종로점,207.0,재배치 추천,11022.0,프로모션 순비용이 재배치 비용보다 높습니다.,34.534802405631794,18.41317365269461,18,0,70.9,우선 추천,11022.0,207.0,97,False,Greedy 선택 후보보다 우선순위가 낮음,11022.0,23700.0,11022.0,10.58,23.0,10.58,21.0,575.0,207.0,329.0,재고 이동,재고 이동,79.902,일치,79.902,54.902,26.444,19.802
유어스 복숭아아이스티,구로점,역삼점,238.0,재배치 추천,18591.0,프로모션 순비용이 재배치 비용보다 높습니다.,29.82983418545743,23.053892215568865,18,0,70.9,우선 추천,18591.0,238.0,98,False,Greedy 선택 후보보다 우선순위가 낮음,18591.0,27993.0,18591.0,18.99,27.77,18.99,38.0,584.0,238.0,388.0,재고 이동,재고 이동,80.137,일치,80.137,55.255,26.648,19.409
비비고 김치왕교자,여의도2점,잠원점,207.0,재배치 추천,11337.0,프로모션 순비용이 재배치 비용보다 높습니다.,34.33899516698006,18.41317365269461,18,0,70.8,우선 추천,11337.0,207.0,99,False,Greedy 선택 후보보다 우선순위가 낮음,11337.0,19875.0,11337.0,10.93,18.75,10.93,22.0,526.0,207.0,343.0,재고 이동,재고 이동,79.949,일치,79.949,54.92,26.428,19.742
유어스 스트링치즈,역삼점,용산점,202.0,재배치 추천,10167.0,프로모션 순비용이 재배치 비용보다 높습니다.,35.06627919625791,17.664670658682635,18,0,70.7,우선 추천,10167.0,202.0,100,False,Greedy 선택 후보보다 우선순위가 낮음,10167.0,23880.0,10167.0,9.63,23.200000000000003,9.63,19.0,929.0,202.0,752.0,재고 이동,재고 이동,88.449,일치,88.449,60.815,28.88,20.83
브레디크 우유생크림빵,신촌2점,건대점,224.0,재배치 추천,15441.0,프로모션 순비용이 재배치 비용보다 높습니다.,31.787906571974702,20.958083832335326,18,0,70.7,우선 추천,15441.0,224.0,101,False,Greedy 선택 후보보다 우선순위가 낮음,15441.0,17436.0,15441.0,15.49,16.04,15.49,31.0,522.0,224.0,314.0,재고 이동,재고 이동,78.823,일치,78.823,54.212,26.141,19.343
브레디크 우유생크림빵,역삼점,성수점,188.0,재배치 추천,6972.0,프로모션 순비용이 재배치 비용보다 높습니다.,37.05232404543971,15.568862275449103,18,0,70.6,우선 추천,6972.0,188.0,102,False,Greedy 선택 후보보다 우선순위가 낮음,6972.0,23196.0,6972.0,6.08,22.439999999999998,6.08,12.0,522.0,188.0,363.0,재고 이동,재고 이동,80.782,일치,80.782,55.425,26.627,20.117
빙그레 붕어싸만코,강남점,신림점,208.0,재배치 추천,11841.0,프로모션 순비용이 재배치 비용보다 높습니다.,34.02570358513729,18.562874251497004,18,0,70.6,우선 추천,11841.0,208.0,103,False,Greedy 선택 후보보다 우선순위가 낮음,11841.0,24645.0,11841.0,11.49,24.049999999999997,11.49,23.0,479.0,212.0,208.0,재고 이동,재고 이동,77.07,일치,77.07,52.964,25.64,19.406
혜자로운 햄구이도시락,잠원점,건대점,200.0,재배치 추천,10023.0,프로모션 순비용이 재배치 비용보다 높습니다.,35.15579107678441,17.365269461077844,18,0,70.5,우선 추천,10023.0,200.0,104,False,Greedy 선택 후보보다 우선순위가 낮음,10023.0,22242.0,10023.0,9.47,21.380000000000003,9.47,19.0,407.0,200.0,209.0,재고 이동,재고 이동,77.141,일치,77.141,52.96,25.614,19.495
유어스 복숭아아이스티,사당점,역삼점,193.0,재배치 추천,8511.0,프로모션 순비용이 재배치 비용보다 높습니다.,36.0956658223127,16.317365269461078,18,0,70.4,우선 추천,8511.0,193.0,105,False,Greedy 선택 후보보다 우선순위가 낮음,8511.0,24096.0,8511.0,7.79,23.44,7.79,16.0,584.0,193.0,388.0,재고 이동,재고 이동,80.839,일치,80.839,55.506,26.664,20.013
비비고 김치왕교자,잠실점,잠원점,205.0,재배치 추천,11445.0,프로모션 순비용이 재배치 비용보다 높습니다.,34.27186125658518,18.113772455089823,18,0,70.4,우선 추천,11445.0,205.0,106,False,Greedy 선택 후보보다 우선순위가 낮음,11445.0,26742.0,11445.0,11.05,26.380000000000003,11.05,22.0,526.0,205.0,343.0,재고 이동,재고 이동,79.618,일치,79.618,54.737,26.375,19.728
유어스 샐러드랩,합정점,잠원점,215.0,재배치 추천,13821.0,프로모션 순비용이 재배치 비용보다 높습니다.,32.79491522789787,19.610778443113773,18,0,70.4,우선 추천,13821.0,215.0,107,False,Greedy 선택 후보보다 우선순위가 낮음,13821.0,19326.0,13821.0,13.69,18.14,13.69,27.0,944.0,215.0,723.0,재고 이동,재고 이동,87.111,일치,87.111,59.937,28.499,20.397
연세우유 생크림우유,문래점,잠원점,217.0,재배치 추천,14325.0,프로모션 순비용이 재배치 비용보다 높습니다.,32.481623646055105,19.91017964071856,18,0,70.4,우선 추천,14325.0,217.0,108,False,Greedy 선택 후보보다 우선순위가 낮음,14325.0,22845.0,14325.0,14.25,22.05,14.25,28.0,853.0,217.0,634.0,재고 이동,재고 이동,85.249,일치,85.249,58.678,27.999,20.183
유어스 샐러드랩,잠실점,합정점,251.0,재배치 추천,22668.0,프로모션 순비용이 재배치 비용보다 높습니다.,27.295529068050786,25.0,18,0,70.3,우선 추천,22668.0,251.0,109,False,Greedy 선택 후보보다 우선순위가 낮음,22668.0,25536.0,22668.0,23.52,25.04,23.52,47.0,944.0,251.0,678.0,재고 이동,재고 이동,84.995,일치,84.995,58.695,28.044,19.681
비비고 김치왕교자,잠실점,청량리점,205.0,재배치 추천,11787.0,프로모션 순비용이 재배치 비용보다 높습니다.,34.05927054033474,18.113772455089823,18,0,70.2,우선 추천,11787.0,205.0,110,False,Greedy 선택 후보보다 우선순위가 낮음,11787.0,21990.0,11787.0,11.43,21.1,11.43,23.0,526.0,205.0,344.0,재고 이동,재고 이동,79.353,일치,79.353,54.533,26.26,19.618
유어스 방울토마토,문래점,잠원점,216.0,재배치 추천,14325.0,프로모션 순비용이 재배치 비용보다 높습니다.,32.481623646055105,19.760479041916167,18,0,70.2,우선 추천,14325.0,216.0,111,False,Greedy 선택 후보보다 우선순위가 낮음,14325.0,22845.0,14325.0,14.25,22.05,14.25,28.0,763.0,216.0,598.0,재고 이동,재고 이동,84.351,일치,84.351,58.056,27.736,20.065
서울우유 초코우유,선릉점,홍대점,225.0,재배치 추천,16548.0,프로모션 순비용이 재배치 비용보다 높습니다.,31.099783990427202,21.107784431137723,18,0,70.2,우선 추천,16548.0,225.0,112,False,Greedy 선택 후보보다 우선순위가 낮음,16548.0,20478.0,16548.0,16.72,19.42,16.72,33.0,838.0,225.0,665.0,재고 이동,재고 이동,85.413,일치,85.413,58.827,28.052,20.034
유어스 에그마요샌드위치,역삼점,사당점,190.0,재배치 추천,8511.0,프로모션 순비용이 재배치 비용보다 높습니다.,36.0956658223127,15.868263473053892,18,0,70.0,우선 추천,8511.0,190.0,113,False,Greedy 선택 후보보다 우선순위가 낮음,8511.0,24096.0,8511.0,7.79,23.44,7.79,16.0,647.0,190.0,465.0,재고 이동,재고 이동,81.995,일치,81.995,56.311,26.982,20.115
제주삼다수,압구정점,문래점,225.0,재배치 추천,16863.0,프로모션 순비용이 재배치 비용보다 높습니다.,30.903976751775474,21.107784431137723,18,0,70.0,우선 추천,16863.0,225.0,114,False,Greedy 선택 후보보다 우선순위가 낮음,16863.0,21693.0,16863.0,17.07,20.770000000000003,17.07,34.0,448.0,225.0,236.0,재고 이동,재고 이동,76.394,일치,76.394,52.587,25.474,18.961
브레디크 우유생크림빵,역삼점,건대점,188.0,재배치 추천,8133.0,프로모션 순비용이 재배치 비용보다 높습니다.,36.33063450869477,15.568862275449103,18,0,69.9,검토 가능,8133.0,188.0,115,False,Greedy 선택 후보보다 우선순위가 낮음,8133.0,24447.0,8133.0,7.37,23.83,7.37,15.0,522.0,188.0,314.0,재고 이동,재고 이동,78.904,일치,78.904,54.161,26.091,19.779
비비고 김치왕교자,신림점,잠원점,198.0,재배치 추천,10545.0,프로모션 순비용이 재배치 비용보다 높습니다.,34.831310509875834,17.065868263473057,18,0,69.9,검토 가능,10545.0,198.0,116,False,Greedy 선택 후보보다 우선순위가 낮음,10545.0,23493.0,10545.0,10.05,22.77,10.05,20.0,526.0,198.0,343.0,재고 이동,재고 이동,79.242,일치,79.242,54.44,26.214,19.673
서울우유 딸기우유,성남4점,압구정점,235.0,재배치 추천,19419.0,프로모션 순비용이 재배치 비용보다 높습니다.,29.315140872430028,22.604790419161677,18,0,69.9,검토 가능,19419.0,235.0,117,False,Greedy 선택 후보보다 우선순위가 낮음,19419.0,35994.0,19419.0,19.91,36.66,19.91,40.0,904.0,235.0,692.0,재고 이동,재고 이동,85.301,일치,85.301,58.911,28.169,19.944
오뚜기 진라면컵,선릉점,문래점,230.0,재배치 추천,18474.0,프로모션 순비용이 재배치 비용보다 높습니다.,29.902562588385212,21.856287425149702,18,0,69.8,검토 가능,18474.0,230.0,118,False,Greedy 선택 후보보다 우선순위가 낮음,18474.0,25041.0,18474.0,18.86,24.490000000000002,18.86,38.0,693.0,230.0,428.0,재고 이동,재고 이동,79.851,일치,79.851,55.044,26.505,19.269
서울우유 초코우유,잠실점,잠실7점,236.0,재배치 추천,20082.0,프로모션 순비용이 재배치 비용보다 높습니다.,28.90301325583925,22.75449101796407,18,0,69.7,검토 가능,20082.0,236.0,119,False,Greedy 선택 후보보다 우선순위가 낮음,0.0,20082.0,20082.0,0.0,18.98,18.98,38.0,838.0,236.0,589.0,재고 이동,재고 이동,83.323,일치,83.323,57.374,27.415,19.44
서울우유 딸기우유,광명5점,강남2점,238.0,재배치 추천,20454.0,프로모션 순비용이 재배치 비용보다 높습니다.,28.671774231145783,23.053892215568865,18,0,69.7,검토 가능,20454.0,238.0,120,False,Greedy 선택 후보보다 우선순위가 낮음,20454.0,31728.0,20454.0,21.06,31.919999999999998,21.06,42.0,904.0,238.0,720.0,재고 이동,재고 이동,85.583,일치,85.583,59.101,28.221,19.876
유어스 에그마요샌드위치,강남점,종로점,198.0,재배치 추천,11022.0,프로모션 순비용이 재배치 비용보다 높습니다.,34.534802405631794,17.065868263473057,18,0,69.6,검토 가능,11022.0,198.0,121,False,Greedy 선택 후보보다 우선순위가 낮음,11022.0,23700.0,11022.0,10.58,23.0,10.58,21.0,647.0,198.0,470.0,재고 이동,재고 이동,81.497,일치,81.497,56.017,26.859,19.885
카페25 아이스아메리카노,여의도6점,평촌4점,223.0,재배치 추천,17088.0,프로모션 순비용이 재배치 비용보다 높습니다.,30.76411443845281,20.808383233532936,18,0,69.6,검토 가능,17088.0,223.0,122,False,Greedy 선택 후보보다 우선순위가 낮음,17088.0,34491.0,17088.0,17.32,34.989999999999995,17.32,35.0,447.0,223.0,223.0,재고 이동,재고 이동,75.667,일치,75.667,52.172,25.353,18.929
매일 소화가잘되는우유,청량리점,여의도5점,225.0,재배치 추천,17574.0,프로모션 순비용이 재배치 비용보다 높습니다.,30.46201184167586,21.107784431137723,18,0,69.6,검토 가능,17574.0,225.0,123,False,Greedy 선택 후보보다 우선순위가 낮음,17574.0,25878.0,17574.0,17.86,25.42,17.86,36.0,713.0,225.0,559.0,재고 이동,재고 이동,82.45,일치,82.45,56.834,27.238,19.615
유어스 샐러드랩,여의도2점,왕십리점,214.0,재배치 추천,15045.0,프로모션 순비용이 재배치 비용보다 높습니다.,32.034064243422584,19.46107784431138,18,0,69.5,검토 가능,15045.0,214.0,124,False,Greedy 선택 후보보다 우선순위가 낮음,15045.0,23079.0,15045.0,15.05,22.31,15.05,30.0,944.0,214.0,769.0,재고 이동,재고 이동,87.001,일치,87.001,59.918,28.484,20.268
빙그레 붕어싸만코,상암점,신림점,208.0,재배치 추천,13704.0,프로모션 순비용이 재배치 비용보다 높습니다.,32.867643630825654,18.562874251497004,18,0,69.4,검토 가능,13704.0,208.0,125,False,Greedy 선택 후보보다 우선순위가 낮음,13704.0,23934.0,13704.0,13.56,23.259999999999998,13.56,27.0,479.0,221.0,208.0,재고 이동,재고 이동,75.907,일치,75.907,52.2,25.289,19.066
매일 바이오 플레인요거트,홍대점,사당점,211.0,재배치 추천,14415.0,프로모션 순비용이 재배치 비용보다 높습니다.,32.42567872072604,19.01197604790419,18,0,69.4,검토 가능,14415.0,211.0,126,False,Greedy 선택 후보보다 우선순위가 낮음,14415.0,22152.0,14415.0,14.35,21.28,14.35,29.0,536.0,211.0,330.0,재고 이동,재고 이동,77.993,일치,77.993,53.653,25.883,19.242
매일 바이오 플레인요거트,홍대점,강남점,211.0,재배치 추천,14442.0,프로모션 순비용이 재배치 비용보다 높습니다.,32.40889524312732,19.01197604790419,18,0,69.4,검토 가능,14442.0,211.0,127,False,Greedy 선택 후보보다 우선순위가 낮음,14442.0,19434.0,14442.0,14.38,18.259999999999998,14.38,29.0,536.0,211.0,365.0,재고 이동,재고 이동,78.694,일치,78.694,54.123,26.063,19.3
연세우유 생크림우유,문래점,강남점,217.0,재배치 추천,15855.0,프로모션 순비용이 재배치 비용보다 높습니다.,31.530559915461,19.91017964071856,18,0,69.4,검토 가능,15855.0,217.0,128,False,Greedy 선택 후보보다 우선순위가 낮음,15855.0,23997.0,15855.0,15.95,23.33,15.95,32.0,853.0,217.0,636.0,재고 이동,재고 이동,84.096,일치,84.096,57.928,27.667,19.881
유어스 닭가슴살샌드위치,교대점,문래점,211.0,재배치 추천,14703.0,프로모션 순비용이 재배치 비용보다 높습니다.,32.24665495967303,19.01197604790419,18,0,69.3,검토 가능,14703.0,211.0,129,False,Greedy 선택 후보보다 우선순위가 낮음,14703.0,24555.0,14703.0,14.67,23.950000000000003,14.67,29.0,433.0,211.0,213.0,재고 이동,재고 이동,75.512,일치,75.512,51.951,25.19,18.96
유어스 스파클링 자몽,강남점,합정점,214.0,재배치 추천,15369.0,프로모션 순비용이 재배치 비용보다 높습니다.,31.832662512237953,19.46107784431138,18,0,69.3,검토 가능,15369.0,214.0,130,False,Greedy 선택 후보보다 우선순위가 낮음,15369.0,20478.0,15369.0,15.41,19.42,15.41,31.0,730.0,214.0,484.0,재고 이동,재고 이동,80.908,일치,80.908,55.686,26.715,19.502
유어스 방울토마토,문래점,강남점,216.0,재배치 추천,15855.0,프로모션 순비용이 재배치 비용보다 높습니다.,31.530559915461,19.760479041916167,18,0,69.3,검토 가능,15855.0,216.0,131,False,Greedy 선택 후보보다 우선순위가 낮음,15855.0,23997.0,15855.0,15.95,23.33,15.95,32.0,763.0,216.0,484.0,재고 이동,재고 이동,80.867,일치,80.867,55.689,26.737,19.499
빙그레 붕어싸만코,상암점,잠원점,221.0,재배치 추천,17070.0,프로모션 순비용이 재배치 비용보다 높습니다.,30.775303423518622,20.508982035928145,18,0,69.3,검토 가능,17070.0,221.0,132,False,Greedy 선택 후보보다 우선순위가 낮음,17070.0,20973.0,17070.0,17.3,19.97,17.3,35.0,479.0,221.0,291.0,재고 이동,재고 이동,76.73,일치,76.73,52.828,25.544,18.918
유어스 샐러드랩,합정점,왕십리점,215.0,재배치 추천,15684.0,프로모션 순비용이 재배치 비용보다 높습니다.,31.636855273586228,19.610778443113773,18,0,69.2,검토 가능,15684.0,215.0,133,False,Greedy 선택 후보보다 우선순위가 낮음,15684.0,25608.0,15684.0,15.76,25.12,15.76,32.0,944.0,215.0,769.0,재고 이동,재고 이동,86.601,일치,86.601,59.674,28.388,20.172
유어스 닭가슴살샌드위치,건대점,강남점,188.0,재배치 추천,9348.0,프로모션 순비용이 재배치 비용보다 높습니다.,35.575378016752396,15.568862275449103,18,0,69.1,검토 가능,9348.0,188.0,134,False,Greedy 선택 후보보다 우선순위가 낮음,9348.0,23394.0,9348.0,8.72,22.66,8.72,17.0,433.0,188.0,207.0,재고 이동,재고 이동,75.908,일치,75.908,52.104,25.216,19.304
빙그레 바나나맛우유,잠실7점,판교4점,223.0,재배치 추천,17889.0,프로모션 순비용이 재배치 비용보다 높습니다.,30.266204603024136,20.808383233532936,18,0,69.1,검토 가능,17889.0,223.0,135,False,Greedy 선택 후보보다 우선순위가 낮음,17889.0,28578.0,17889.0,18.21,28.42,18.21,36.0,782.0,223.0,615.0,재고 이동,재고 이동,83.168,일치,83.168,57.355,27.453,19.676
유어스 스트링치즈,신림점,용산점,181.0,재배치 추천,7926.0,프로모션 순비용이 재배치 비용보다 높습니다.,36.45930783695162,14.520958083832337,18,0,69.0,검토 가능,7926.0,181.0,136,False,Greedy 선택 후보보다 우선순위가 낮음,7926.0,21477.0,7926.0,7.14,20.53,7.14,14.0,929.0,181.0,752.0,재고 이동,재고 이동,87.044,일치,87.044,59.789,28.374,20.652
유어스 복숭아아이스티,홍대점,구로점,190.0,재배치 추천,10131.0,프로모션 순비용이 재배치 비용보다 높습니다.,35.08865716638953,15.868263473053892,18,0,69.0,검토 가능,10131.0,190.0,137,False,Greedy 선택 후보보다 우선순위가 낮음,10131.0,23538.0,10131.0,9.59,22.82,9.59,19.0,584.0,190.0,309.0,재고 이동,재고 이동,77.715,일치,77.715,53.378,25.741,19.453
서울우유 딸기우유,광명5점,압구정점,238.0,재배치 추천,21723.0,프로모션 순비용이 재배치 비용보다 높습니다.,27.88295078400597,23.053892215568865,18,0,68.9,검토 가능,21723.0,238.0,138,False,Greedy 선택 후보보다 우선순위가 낮음,21723.0,27993.0,21723.0,22.47,27.77,22.47,45.0,904.0,238.0,692.0,재고 이동,재고 이동,84.06,일치,84.06,58.053,27.743,19.534
유어스 스파클링 자몽,신림점,합정점,189.0,재배치 추천,10194.0,프로모션 순비용이 재배치 비용보다 높습니다.,35.04949571865919,15.718562874251496,18,0,68.8,검토 가능,10194.0,189.0,139,False,Greedy 선택 후보보다 우선순위가 낮음,10194.0,22287.0,10194.0,9.66,21.43,9.66,19.0,730.0,189.0,484.0,재고 이동,재고 이동,81.107,일치,81.107,55.725,26.698,19.818
유어스 매콤닭강정,합정점,잠원점,204.0,재배치 추천,13821.0,프로모션 순비용이 재배치 비용보다 높습니다.,32.79491522789787,17.964071856287426,18,0,68.8,검토 가능,13821.0,204.0,140,False,Greedy 선택 후보보다 우선순위가 낮음,13821.0,19326.0,13821.0,13.69,18.14,13.69,27.0,681.0,204.0,513.0,재고 이동,재고 이동,81.251,일치,81.251,55.884,26.766,19.595
브레디크 우유생크림빵,홍대점,성수점,215.0,재배치 추천,16368.0,프로모션 순비용이 재배치 비용보다 높습니다.,31.211673841085332,19.610778443113773,18,0,68.8,검토 가능,16368.0,215.0,141,False,Greedy 선택 후보보다 우선순위가 낮음,16368.0,18741.0,16368.0,16.52,17.490000000000002,16.52,33.0,522.0,215.0,363.0,재고 이동,재고 이동,77.873,일치,77.873,53.593,25.829,19.043
CJ 비비고 왕교자,평촌3점,수원4점,228.0,재배치 추천,19563.0,프로모션 순비용이 재배치 비용보다 높습니다.,29.225628991903527,21.55688622754491,18,0,68.8,검토 가능,19563.0,228.0,142,False,Greedy 선택 후보보다 우선순위가 낮음,19563.0,59889.0,19563.0,20.07,63.209999999999994,20.07,40.0,525.0,228.0,319.0,재고 이동,재고 이동,76.693,일치,76.693,53.096,25.851,19.058
고메 크리스피핫도그,종로점,여의도2점,192.0,재배치 추천,10950.0,프로모션 순비용이 재배치 비용보다 높습니다.,34.579558345895045,16.16766467065868,18,0,68.7,검토 가능,10950.0,192.0,143,False,Greedy 선택 후보보다 우선순위가 낮음,10950.0,25347.0,10950.0,10.5,24.83,10.5,21.0,899.0,192.0,698.0,재고 이동,재고 이동,85.302,일치,85.302,58.672,27.933,20.272
고메 크리스피핫도그,종로점,강남점,192.0,재배치 추천,11022.0,프로모션 순비용이 재배치 비용보다 높습니다.,34.534802405631794,16.16766467065868,18,0,68.7,검토 가능,11022.0,192.0,144,False,Greedy 선택 후보보다 우선순위가 낮음,11022.0,23700.0,11022.0,10.58,23.0,10.58,21.0,899.0,192.0,707.0,재고 이동,재고 이동,85.466,일치,85.466,58.776,27.967,20.275
유어스 스파클링 자몽,문래점,강남점,212.0,재배치 추천,15855.0,프로모션 순비용이 재배치 비용보다 높습니다.,31.530559915461,19.16167664670659,18,0,68.7,검토 가능,15855.0,212.0,145,False,Greedy 선택 후보보다 우선순위가 낮음,15855.0,23997.0,15855.0,15.95,23.33,15.95,32.0,730.0,212.0,464.0,재고 이동,재고 이동,79.88,일치,79.88,55.008,26.435,19.339
서울우유 딸기우유,성남4점,안양4점,235.0,재배치 추천,21336.0,프로모션 순비용이 재배치 비용보다 높습니다.,28.123513962920946,22.604790419161677,18,0,68.7,검토 가능,21336.0,235.0,146,False,Greedy 선택 후보보다 우선순위가 낮음,21336.0,52590.0,21336.0,22.04,55.099999999999994,22.04,44.0,904.0,235.0,663.0,재고 이동,재고 이동,83.401,일치,83.401,57.743,27.74,19.66
서울우유 초코우유,잠실점,홍대점,236.0,재배치 추천,21624.0,프로모션 순비용이 재배치 비용보다 높습니다.,27.944490201867936,22.75449101796407,18,0,68.7,검토 가능,21624.0,236.0,147,False,Greedy 선택 후보보다 우선순위가 낮음,21624.0,24492.0,21624.0,22.36,23.880000000000003,22.36,45.0,838.0,236.0,665.0,재고 이동,재고 이동,83.268,일치,83.268,57.483,27.48,19.4
남양 불가리스,강남점,압구정점,169.0,재배치 추천,5667.0,프로모션 순비용이 재배치 비용보다 높습니다.,37.86352546271115,12.724550898203594,18,0,68.6,검토 가능,5667.0,169.0,148,False,Greedy 선택 후보보다 우선순위가 낮음,5667.0,20181.0,5667.0,4.63,19.090000000000003,4.63,9.0,672.0,169.0,439.0,재고 이동,재고 이동,80.544,일치,80.544,55.226,26.452,19.989
고메 크리스피핫도그,혜화점,강남점,195.0,재배치 추천,11850.0,프로모션 순비용이 재배치 비용보다 높습니다.,34.02010909260439,16.61676646706587,18,0,68.6,검토 가능,11850.0,195.0,149,False,Greedy 선택 후보보다 우선순위가 낮음,11850.0,24942.0,11850.0,11.5,24.380000000000003,11.5,23.0,899.0,195.0,707.0,재고 이동,재고 이동,85.273,일치,85.273,58.669,27.93,20.203
유어스 방울토마토,문래점,강남2점,216.0,재배치 추천,17088.0,프로모션 순비용이 재배치 비용보다 높습니다.,30.76411443845281,19.760479041916167,18,0,68.5,검토 가능,17088.0,216.0,150,False,Greedy 선택 후보보다 우선순위가 낮음,17088.0,25428.0,17088.0,17.32,24.92,17.32,35.0,763.0,216.0,565.0,재고 이동,재고 이동,81.59,일치,81.59,56.232,26.947,19.455
풀무원 얇은피만두,홍대6점,문래점,172.0,재배치 추천,6747.0,프로모션 순비용이 재배치 비용보다 높습니다.,37.19218635876238,13.17365269461078,18,0,68.4,검토 가능,6747.0,172.0,151,False,Greedy 선택 후보보다 우선순위가 낮음,6747.0,19965.0,6747.0,5.83,18.85,5.83,12.0,390.0,221.0,172.0,재고 이동,재고 이동,75.682,일치,75.682,51.88,25.064,19.334
고메 크리스피핫도그,혜화점,여의도2점,195.0,재배치 추천,12417.0,프로모션 순비용이 재배치 비용보다 높습니다.,33.66765606303128,16.61676646706587,18,0,68.3,검토 가능,12417.0,195.0,152,False,Greedy 선택 후보보다 우선순위가 낮음,12417.0,26130.0,12417.0,12.13,25.7,12.13,24.0,899.0,195.0,698.0,재고 이동,재고 이동,84.735,일치,84.735,58.316,27.782,20.098
매일 소화가잘되는우유,과천4점,신촌4점,224.0,재배치 추천,19374.0,프로모션 순비용이 재배치 비용보다 높습니다.,29.34311333509456,20.958083832335326,18,0,68.3,검토 가능,19374.0,224.0,153,False,Greedy 선택 후보보다 우선순위가 낮음,19374.0,26067.0,19374.0,19.86,25.63,19.86,40.0,713.0,224.0,537.0,재고 이동,재고 이동,80.545,일치,80.545,55.561,26.676,19.189
유어스 스트링치즈,역삼점,여의도점,202.0,재배치 추천,14172.0,프로모션 순비용이 재배치 비용보다 높습니다.,32.576730019114514,17.664670658682635,18,0,68.2,검토 가능,14172.0,202.0,154,False,Greedy 선택 후보보다 우선순위가 낮음,14172.0,22125.0,14172.0,14.08,21.25,14.08,28.0,929.0,202.0,758.0,재고 이동,재고 이동,85.659,일치,85.659,58.971,28.038,20.059
유어스 냉동볶음밥,여의도점,여의도2점,223.0,재배치 추천,19263.0,프로모션 순비용이 재배치 비용보다 높습니다.,29.41211207633374,20.808383233532936,18,0,68.2,검토 가능,19263.0,223.0,155,False,Greedy 선택 후보보다 우선순위가 낮음,0.0,19263.0,19263.0,0.0,18.07,18.07,36.0,573.0,223.0,333.0,재고 이동,재고 이동,76.802,일치,76.802,52.84,25.483,18.623
비비고 김치왕교자,잠실점,종로점,205.0,재배치 추천,15288.0,프로모션 순비용이 재배치 비용보다 높습니다.,31.88301294503411,18.113772455089823,18,0,68.0,검토 가능,15288.0,205.0,156,False,Greedy 선택 후보보다 우선순위가 낮음,15288.0,21414.0,15288.0,15.32,20.46,15.32,31.0,526.0,205.0,345.0,재고 이동,재고 이동,76.807,일치,76.807,52.854,25.503,18.937
유어스 초코브라우니,강남2점,상암점,225.0,재배치 추천,20040.0,프로모션 순비용이 재배치 비용보다 높습니다.,28.929120887659483,21.107784431137723,18,0,68.0,검토 가능,20040.0,225.0,157,False,Greedy 선택 후보보다 우선순위가 낮음,20040.0,23556.0,20040.0,20.6,22.84,20.6,41.0,578.0,225.0,311.0,재고 이동,재고 이동,75.633,일치,75.633,52.152,25.249,18.547
유어스 초코브라우니,잠실2점,여의도점,229.0,재배치 추천,21012.0,프로모션 순비용이 재배치 비용보다 높습니다.,28.324915694105577,21.706586826347305,18,0,68.0,검토 가능,21012.0,229.0,158,False,Greedy 선택 후보보다 우선순위가 낮음,21012.0,23439.0,21012.0,21.68,22.71,21.68,43.0,578.0,229.0,343.0,재고 이동,재고 이동,76.184,일치,76.184,52.554,25.42,18.555
유어스 에그마요샌드위치,역삼점,종로점,190.0,재배치 추천,11823.0,프로모션 순비용이 재배치 비용보다 높습니다.,34.036892570203115,15.868263473053892,18,0,67.9,검토 가능,11823.0,190.0,159,False,Greedy 선택 후보보다 우선순위가 낮음,11823.0,24357.0,11823.0,11.47,23.73,11.47,23.0,647.0,190.0,470.0,재고 이동,재고 이동,79.734,일치,79.734,54.828,26.314,19.504
매일 상하목장 우유,강남점,문래점,207.0,재배치 추천,15855.0,프로모션 순비용이 재배치 비용보다 높습니다.,31.530559915461,18.41317365269461,18,0,67.9,검토 가능,15855.0,207.0,160,False,Greedy 선택 후보보다 우선순위가 낮음,15855.0,23997.0,15855.0,15.95,23.33,15.95,32.0,575.0,207.0,395.0,재고 이동,재고 이동,77.729,일치,77.729,53.521,25.793,19.029
해태 홈런볼,역삼점,홍대점,208.0,재배치 추천,16143.0,프로모션 순비용이 재배치 비용보다 높습니다.,31.351536154407995,18.562874251497004,18,0,67.9,검토 가능,16143.0,208.0,161,False,Greedy 선택 후보보다 우선순위가 낮음,16143.0,20487.0,16143.0,16.27,19.43,16.27,33.0,533.0,208.0,312.0,재고 이동,재고 이동,75.928,일치,75.928,52.259,25.253,18.768
브레디크 우유생크림빵,홍대점,건대점,215.0,재배치 추천,17835.0,프로모션 순비용이 재배치 비용보다 높습니다.,30.299771558221572,19.610778443113773,18,0,67.9,검토 가능,17835.0,215.0,162,False,Greedy 선택 후보보다 우선순위가 낮음,17835.0,19992.0,17835.0,18.15,18.880000000000003,18.15,36.0,522.0,215.0,314.0,재고 이동,재고 이동,75.853,일치,75.853,52.236,25.251,18.668
유어스 매콤닭강정,합정점,강남점,204.0,재배치 추천,15369.0,프로모션 순비용이 재배치 비용보다 높습니다.,31.832662512237953,17.964071856287426,18,0,67.8,검토 가능,15369.0,204.0,163,False,Greedy 선택 후보보다 우선순위가 낮음,15369.0,20478.0,15369.0,15.41,19.42,15.41,31.0,681.0,204.0,411.0,재고 이동,재고 이동,77.971,일치,77.971,53.658,25.824,19.047
유어스 스파클링 자몽,신림점,강남점,189.0,재배치 추천,11841.0,프로모션 순비용이 재배치 비용보다 높습니다.,34.02570358513729,15.718562874251496,18,0,67.7,검토 가능,11841.0,189.0,164,False,Greedy 선택 후보보다 우선순위가 낮음,11841.0,24645.0,11841.0,11.49,24.049999999999997,11.49,23.0,730.0,189.0,464.0,재고 이동,재고 이동,79.445,일치,79.445,54.631,26.228,19.458
유어스 초코브라우니,잠실2점,여의도2점,229.0,재배치 추천,21534.0,프로모션 순비용이 재배치 비용보다 높습니다.,28.000435127197004,21.706586826347305,18,0,67.7,검토 가능,21534.0,229.0,165,False,Greedy 선택 후보보다 우선순위가 낮음,21534.0,24087.0,21534.0,22.26,23.43,22.26,45.0,578.0,229.0,379.0,재고 이동,재고 이동,76.45,일치,76.45,52.759,25.498,18.521
비비고 김치왕교자,신림점,종로점,198.0,재배치 추천,14208.0,프로모션 순비용이 재배치 비용보다 높습니다.,32.55435204898289,17.065868263473057,18,0,67.6,검토 가능,14208.0,198.0,166,False,Greedy 선택 후보보다 우선순위가 낮음,14208.0,24069.0,14208.0,14.12,23.41,14.12,28.0,526.0,198.0,345.0,재고 이동,재고 이동,76.647,일치,76.647,52.737,25.45,18.985
유어스 냉동볶음밥,이태원점,목동점,207.0,재배치 추천,16440.0,프로모션 순비용이 재배치 비용보다 높습니다.,31.166917900822078,18.41317365269461,18,0,67.6,검토 가능,16440.0,207.0,167,False,Greedy 선택 후보보다 우선순위가 낮음,16440.0,22170.0,16440.0,16.6,21.3,16.6,33.0,573.0,207.0,341.0,재고 이동,재고 이동,76.26,일치,76.26,52.504,25.355,18.791
빙그레 붕어싸만코,왕십리점,신림점,208.0,재배치 추천,16710.0,프로모션 순비용이 재배치 비용보다 높습니다.,30.999083124834886,18.562874251497004,18,0,67.6,검토 가능,16710.0,208.0,168,False,Greedy 선택 후보보다 우선순위가 낮음,16710.0,21801.0,16710.0,16.9,20.89,16.9,34.0,479.0,212.0,208.0,재고 이동,재고 이동,73.533,일치,73.533,50.618,24.574,18.448
유어스 직화불고기컵밥,강남점,교대점,234.0,재배치 추천,22980.0,프로모션 순비용이 재배치 비용보다 높습니다.,27.10158666024336,22.45508982035928,18,0,67.6,검토 가능,22980.0,234.0,169,False,Greedy 선택 후보보다 우선순위가 낮음,0.0,22980.0,22980.0,0.0,22.200000000000003,22.200000000000003,44.0,781.0,234.0,573.0,재고 이동,재고 이동,80.684,일치,80.684,55.626,26.643,18.81
유어스 햄치즈샌드위치,압구정점,강남점,162.0,재배치 추천,5667.0,프로모션 순비용이 재배치 비용보다 높습니다.,37.86352546271115,11.676646706586826,18,0,67.5,검토 가능,5667.0,162.0,170,False,Greedy 선택 후보보다 우선순위가 낮음,5667.0,20181.0,5667.0,4.63,19.090000000000003,4.63,9.0,362.0,191.0,162.0,재고 이동,재고 이동,74.45,일치,74.45,51.002,24.669,19.206
풀무원 얇은피만두,신촌4점,문래점,172.0,재배치 추천,8070.0,프로모션 순비용이 재배치 비용보다 높습니다.,36.36979595642512,13.17365269461078,18,0,67.5,검토 가능,8070.0,172.0,171,False,Greedy 선택 후보보다 우선순위가 낮음,8070.0,19146.0,8070.0,7.3,17.94,7.3,15.0,390.0,184.0,172.0,재고 이동,재고 이동,73.932,일치,73.932,50.694,24.546,18.978
유어스 닭가슴살샌드위치,교대점,건대점,185.0,재배치 추천,11283.0,프로모션 순비용이 재배치 비용보다 높습니다.,34.3725621221775,15.119760479041917,18,0,67.5,검토 가능,11283.0,185.0,172,False,Greedy 선택 후보보다 우선순위가 낮음,11283.0,23952.0,11283.0,10.87,23.28,10.87,22.0,433.0,211.0,185.0,재고 이동,재고 이동,74.093,일치,74.093,50.905,24.673,18.846
유어스 복숭아아이스티,사당점,구로점,193.0,재배치 추천,13200.0,프로모션 순비용이 재배치 비용보다 높습니다.,33.180935212668416,16.317365269461078,18,0,67.5,검토 가능,13200.0,193.0,173,False,Greedy 선택 후보보다 우선순위가 낮음,13200.0,29658.0,13200.0,13.0,29.619999999999997,13.0,26.0,584.0,193.0,309.0,재고 이동,재고 이동,75.912,일치,75.912,52.241,25.265,18.994
비비고 김치왕교자,여의도2점,청량리점,207.0,재배치 추천,16512.0,프로모션 순비용이 재배치 비용보다 높습니다.,31.122161960558827,18.41317365269461,18,0,67.5,검토 가능,16512.0,207.0,174,False,Greedy 선택 후보보다 우선순위가 낮음,16512.0,25923.0,16512.0,16.68,25.47,16.68,33.0,526.0,207.0,344.0,재고 이동,재고 이동,76.279,일치,76.279,52.542,25.388,18.816
유어스 닭가슴살샌드위치,구로점,강남점,207.0,재배치 추천,16602.0,프로모션 순비용이 재배치 비용보다 높습니다.,31.066217035229762,18.41317365269461,18,0,67.5,검토 가능,16602.0,207.0,175,False,Greedy 선택 후보보다 우선순위가 낮음,16602.0,26940.0,16602.0,16.78,26.6,16.78,34.0,433.0,230.0,207.0,재고 이동,재고 이동,73.813,일치,73.813,50.843,24.689,18.518
매일 상하목장 우유,강남점,구로점,207.0,재배치 추천,16602.0,프로모션 순비용이 재배치 비용보다 높습니다.,31.066217035229762,18.41317365269461,18,0,67.5,검토 가능,16602.0,207.0,176,False,Greedy 선택 후보보다 우선순위가 낮음,16602.0,26940.0,16602.0,16.78,26.6,16.78,34.0,575.0,207.0,367.0,재고 이동,재고 이동,76.609,일치,76.609,52.783,25.49,18.841
유어스 스파클링 레몬,분당4점,이태원점,242.0,재배치 추천,25044.0,프로모션 순비용이 재배치 비용보다 높습니다.,25.81858303936347,23.652694610778443,18,0,67.5,검토 가능,25044.0,242.0,177,False,Greedy 선택 후보보다 우선순위가 낮음,25044.0,33033.0,25044.0,26.16,33.37,26.16,52.0,796.0,242.0,614.0,재고 이동,재고 이동,80.733,일치,80.733,55.855,26.828,18.89
유어스 스파클링 자몽,강남점,상암점,214.0,재배치 추천,18582.0,프로모션 순비용이 재배치 비용보다 높습니다.,29.835428677990336,19.46107784431138,18,0,67.3,검토 가능,18582.0,214.0,178,False,Greedy 선택 후보보다 우선순위가 낮음,18582.0,22125.0,18582.0,18.98,21.25,18.98,38.0,730.0,214.0,461.0,재고 이동,재고 이동,78.139,일치,78.139,53.856,25.913,18.853
유어스 스트링치즈,신림점,이태원점,181.0,재배치 추천,10842.0,프로모션 순비용이 재배치 비용보다 높습니다.,34.64669225628992,14.520958083832337,18,0,67.2,검토 가능,10842.0,181.0,179,False,Greedy 선택 후보보다 우선순위가 낮음,10842.0,20253.0,10842.0,10.38,19.169999999999998,10.38,21.0,929.0,181.0,757.0,재고 이동,재고 이동,84.98,일치,84.98,58.426,27.75,20.077
유어스 복숭아아이스티,사당점,문래점,193.0,재배치 추천,13731.0,프로모션 순비용이 재배치 비용보다 높습니다.,32.85086015322693,16.317365269461078,18,0,67.2,검토 가능,13731.0,193.0,180,False,Greedy 선택 후보보다 우선순위가 낮음,13731.0,26715.0,13731.0,13.59,26.35,13.59,27.0,584.0,193.0,350.0,재고 이동,재고 이동,76.391,일치,76.391,52.568,25.377,18.973
유어스 냉동볶음밥,잠실점,여의도2점,223.0,재배치 추천,20904.0,프로모션 순비용이 재배치 비용보다 높습니다.,28.392049604500457,20.808383233532936,18,0,67.2,검토 가능,20904.0,223.0,181,False,Greedy 선택 후보보다 우선순위가 낮음,20904.0,23277.0,20904.0,21.56,22.53,21.56,43.0,573.0,223.0,333.0,재고 이동,재고 이동,75.172,일치,75.172,51.855,25.1,18.376
고메 크리스피핫도그,성수점,여의도2점,203.0,재배치 추천,16278.0,프로모션 순비용이 재배치 비용보다 높습니다.,31.267618766414394,17.81437125748503,18,0,67.1,검토 가능,16278.0,203.0,182,False,Greedy 선택 후보보다 우선순위가 낮음,16278.0,20334.0,16278.0,16.42,19.259999999999998,16.42,33.0,899.0,203.0,698.0,재고 이동,재고 이동,83.036,일치,83.036,57.194,27.265,19.523
유어스 매콤닭강정,강남점,목동점,216.0,재배치 추천,19365.0,프로모션 순비용이 재배치 비용보다 높습니다.,29.348707827627468,19.760479041916167,18,0,67.1,검토 가능,19365.0,216.0,183,False,Greedy 선택 후보보다 우선순위가 낮음,19365.0,26562.0,19365.0,19.85,26.18,19.85,40.0,681.0,216.0,533.0,재고 이동,재고 이동,79.309,일치,79.309,54.714,26.287,18.958
오뚜기 진라면컵,종로점,문래점,193.0,재배치 추천,14001.0,프로모션 순비용이 재배치 비용보다 높습니다.,32.683025377239744,16.317365269461078,18,0,67.0,검토 가능,14001.0,193.0,184,False,Greedy 선택 후보보다 우선순위가 낮음,14001.0,28263.0,14001.0,13.89,28.07,13.89,28.0,693.0,193.0,428.0,재고 이동,재고 이동,77.731,일치,77.731,53.516,25.771,19.103
농심 육개장사발면,혜화점,신촌2점,168.0,재배치 추천,8286.0,프로모션 순비용이 재배치 비용보다 높습니다.,36.23552813563536,12.574850299401197,18,0,66.8,검토 가능,8286.0,168.0,185,False,Greedy 선택 후보보다 우선순위가 낮음,8286.0,26166.0,8286.0,7.54,25.740000000000002,7.54,15.0,372.0,204.0,168.0,재고 이동,재고 이동,73.698,일치,73.698,50.583,24.513,18.95
오뚜기 진라면컵,종로점,사당점,193.0,재배치 추천,14361.0,프로모션 순비용이 재배치 비용보다 높습니다.,32.459245675923476,16.317365269461078,18,0,66.8,검토 가능,14361.0,193.0,186,False,Greedy 선택 후보보다 우선순위가 낮음,14361.0,23889.0,14361.0,14.29,23.21,14.29,29.0,693.0,193.0,497.0,재고 이동,재고 이동,78.852,일치,78.852,54.276,26.056,19.155
유어스 스파클링 자몽,신림점,상암점,189.0,재배치 추천,13704.0,프로모션 순비용이 재배치 비용보다 높습니다.,32.867643630825654,15.718562874251496,18,0,66.6,검토 가능,13704.0,189.0,187,False,Greedy 선택 후보보다 우선순위가 낮음,13704.0,23934.0,13704.0,13.56,23.259999999999998,13.56,27.0,730.0,189.0,461.0,재고 이동,재고 이동,78.075,일치,78.075,53.723,25.819,19.1
해태 홈런볼,홍대점,강남점,191.0,재배치 추천,14442.0,프로모션 순비용이 재배치 비용보다 높습니다.,32.40889524312732,16.017964071856287,18,0,66.4,검토 가능,14442.0,191.0,188,False,Greedy 선택 후보보다 우선순위가 낮음,14442.0,19434.0,14442.0,14.38,18.259999999999998,14.38,29.0,533.0,191.0,256.0,재고 이동,재고 이동,73.574,일치,73.574,50.592,24.498,18.477
유어스 냉동볶음밥,이태원점,강남점,207.0,재배치 추천,18444.0,프로모션 순비용이 재배치 비용보다 높습니다.,29.921210896828235,18.41317365269461,18,0,66.3,검토 가능,18444.0,207.0,189,False,Greedy 선택 후보보다 우선순위가 낮음,0.0,18444.0,18444.0,0.0,17.16,17.16,34.0,573.0,207.0,342.0,재고 이동,재고 이동,75.276,일치,75.276,51.773,24.97,18.352
유어스 스트링치즈,종로점,이태원점,212.0,재배치 추천,19695.0,프로모션 순비용이 재배치 비용보다 높습니다.,29.14357643475423,19.16167664670659,18,0,66.3,검토 가능,19695.0,212.0,190,False,Greedy 선택 후보보다 우선순위가 낮음,0.0,19695.0,19695.0,0.0,18.549999999999997,18.549999999999997,37.0,929.0,212.0,757.0,재고 이동,재고 이동,83.558,일치,83.558,57.549,27.366,19.231
유어스 과일컵,잠원점,성남3점,211.0,재배치 추천,19716.0,프로모션 순비용이 재배치 비용보다 높습니다.,29.130522618844115,19.01197604790419,18,0,66.1,검토 가능,19716.0,211.0,191,False,Greedy 선택 후보보다 우선순위가 낮음,19716.0,38217.0,19716.0,20.24,39.13,20.24,40.0,718.0,211.0,557.0,재고 이동,재고 이동,78.938,일치,78.938,54.539,26.244,18.929
유어스 방울토마토,강남점,강남2점,214.0,재배치 추천,20505.0,프로모션 순비용이 재배치 비용보다 높습니다.,28.640072106792648,19.46107784431138,18,0,66.1,검토 가능,20505.0,214.0,192,False,Greedy 선택 후보보다 우선순위가 낮음,0.0,20505.0,20505.0,0.0,19.450000000000003,19.450000000000003,39.0,763.0,214.0,565.0,재고 이동,재고 이동,79.324,일치,79.324,54.635,26.16,18.675
심플리쿡 리코타치즈샐러드,군포3점,여의도2점,225.0,재배치 추천,23163.0,프로모션 순비용이 재배치 비용보다 높습니다.,26.987831978740928,21.107784431137723,18,0,66.1,검토 가능,23163.0,225.0,193,False,Greedy 선택 후보보다 우선순위가 낮음,23163.0,38379.0,23163.0,24.07,39.31,24.07,48.0,774.0,225.0,538.0,재고 이동,재고 이동,78.062,일치,78.062,54.008,26.04,18.616
브레디크 우유생크림빵,역삼점,신촌2점,188.0,재배치 추천,14379.0,프로모션 순비용이 재배치 비용보다 높습니다.,32.44805669085767,15.568862275449103,18,0,66.0,검토 가능,14379.0,188.0,194,False,Greedy 선택 후보보다 우선순위가 낮음,14379.0,17931.0,14379.0,14.31,16.59,14.31,29.0,522.0,188.0,256.0,재고 이동,재고 이동,73.168,일치,73.168,50.303,24.356,18.387
해태 홈런볼,역삼점,강남점,208.0,재배치 추천,19281.0,프로모션 순비용이 재배치 비용보다 높습니다.,29.40092309126793,18.562874251497004,18,0,66.0,검토 가능,19281.0,208.0,195,False,Greedy 선택 후보보다 우선순위가 낮음,0.0,19281.0,19281.0,0.0,18.09,18.09,36.0,533.0,208.0,256.0,재고 이동,재고 이동,73.075,일치,73.075,50.27,24.343,18.021
해태 홈런볼,강남점,홍대점,187.0,재배치 추천,14442.0,프로모션 순비용이 재배치 비용보다 높습니다.,32.40889524312732,15.419161676646706,18,0,65.8,검토 가능,14442.0,187.0,196,False,Greedy 선택 후보보다 우선순위가 낮음,14442.0,19434.0,14442.0,14.38,18.259999999999998,14.38,29.0,533.0,187.0,312.0,재고 이동,재고 이동,74.139,일치,74.139,50.987,24.64,18.496
연세우유 생크림우유,역삼점,강남점,206.0,재배치 추천,19281.0,프로모션 순비용이 재배치 비용보다 높습니다.,29.40092309126793,18.263473053892216,18,0,65.7,검토 가능,19281.0,206.0,197,False,Greedy 선택 후보보다 우선순위가 낮음,0.0,19281.0,19281.0,0.0,18.09,18.09,36.0,853.0,206.0,636.0,재고 이동,재고 이동,80.542,일치,80.542,55.451,26.474,18.861
유어스 매콤닭강정,강남점,잠원점,216.0,재배치 추천,21684.0,프로모션 순비용이 재배치 비용보다 높습니다.,27.907193584981897,19.760479041916167,18,0,65.7,검토 가능,21684.0,216.0,198,False,Greedy 선택 후보보다 우선순위가 낮음,0.0,21684.0,21684.0,0.0,20.759999999999998,20.759999999999998,41.0,681.0,216.0,513.0,재고 이동,재고 이동,77.796,일치,77.796,53.603,25.73,18.409
유어스 직화불고기컵밥,여의도2점,종로점,170.0,재배치 추천,10950.0,프로모션 순비용이 재배치 비용보다 높습니다.,34.579558345895045,12.874251497005988,18,0,65.5,검토 가능,10950.0,170.0,199,False,Greedy 선택 후보보다 우선순위가 낮음,10950.0,25347.0,10950.0,10.5,24.83,10.5,21.0,781.0,170.0,556.0,재고 이동,재고 이동,79.258,일치,79.258,54.5,26.094,19.324
유어스 직화불고기컵밥,역삼점,종로점,174.0,재배치 추천,11823.0,프로모션 순비용이 재배치 비용보다 높습니다.,34.036892570203115,13.47305389221557,18,0,65.5,검토 가능,11823.0,174.0,200,False,Greedy 선택 후보보다 우선순위가 낮음,11823.0,24357.0,11823.0,11.47,23.73,11.47,23.0,781.0,174.0,556.0,재고 이동,재고 이동,79.174,일치,79.174,54.455,26.076,19.254
해태 홈런볼,홍대점,역삼점,191.0,재배치 추천,16143.0,프로모션 순비용이 재배치 비용보다 높습니다.,31.351536154407995,16.017964071856287,18,0,65.4,검토 가능,16143.0,191.0,201,False,Greedy 선택 후보보다 우선순위가 낮음,16143.0,20487.0,16143.0,16.27,19.43,16.27,33.0,533.0,191.0,292.0,재고 이동,재고 이동,73.079,일치,73.079,50.298,24.354,18.244
유어스 방울토마토,강남점,잠원점,214.0,재배치 추천,21684.0,프로모션 순비용이 재배치 비용보다 높습니다.,27.907193584981897,19.46107784431138,18,0,65.4,검토 가능,21684.0,214.0,202,False,Greedy 선택 후보보다 우선순위가 낮음,0.0,21684.0,21684.0,0.0,20.759999999999998,20.759999999999998,41.0,763.0,214.0,598.0,재고 이동,재고 이동,79.241,일치,79.241,54.608,26.135,18.553
CJ 비비고 왕교자,평촌3점,신촌6점,228.0,재배치 추천,25080.0,프로모션 순비용이 재배치 비용보다 높습니다.,25.796205069231846,21.55688622754491,18,0,65.4,검토 가능,25080.0,228.0,203,False,Greedy 선택 후보보다 우선순위가 낮음,25080.0,31962.0,25080.0,26.2,32.18,26.2,52.0,525.0,228.0,335.0,재고 이동,재고 이동,72.997,일치,72.997,50.5,24.542,17.813
서울우유 초코우유,구로점,잠실7점,231.0,재배치 추천,25827.0,프로모션 순비용이 재배치 비용보다 높습니다.,25.331862189000603,22.005988023952096,18,0,65.3,검토 가능,25827.0,231.0,204,False,Greedy 선택 후보보다 우선순위가 낮음,25827.0,27561.0,25827.0,27.03,27.29,27.03,54.0,838.0,231.0,589.0,재고 이동,재고 이동,77.995,일치,77.995,53.954,25.938,18.312
유어스 복숭아아이스티,홍대점,역삼점,190.0,재배치 추천,16143.0,프로모션 순비용이 재배치 비용보다 높습니다.,31.351536154407995,15.868263473053892,18,0,65.2,검토 가능,16143.0,190.0,205,False,Greedy 선택 후보보다 우선순위가 낮음,16143.0,20487.0,16143.0,16.27,19.43,16.27,33.0,584.0,190.0,388.0,재고 이동,재고 이동,74.875,일치,74.875,51.545,24.863,18.438
고메 크리스피핫도그,종로점,구로점,192.0,재배치 추천,16827.0,프로모션 순비용이 재배치 비용보다 높습니다.,30.926354721907103,16.16766467065868,18,0,65.1,검토 가능,16827.0,192.0,206,False,Greedy 선택 후보보다 우선순위가 낮음,16827.0,28893.0,16827.0,17.03,28.770000000000003,17.03,34.0,899.0,192.0,715.0,재고 이동,재고 이동,81.443,일치,81.443,56.166,26.817,19.227
빙그레 붕어싸만코,강남점,잠원점,212.0,재배치 추천,21684.0,프로모션 순비용이 재배치 비용보다 높습니다.,27.907193584981897,19.16167664670659,18,0,65.1,검토 가능,21684.0,212.0,207,False,Greedy 선택 후보보다 우선순위가 낮음,0.0,21684.0,21684.0,0.0,20.759999999999998,20.759999999999998,41.0,479.0,212.0,291.0,재고 이동,재고 이동,72.685,일치,72.685,50.062,24.246,17.771
유어스 초코브라우니,잠실2점,상암점,229.0,재배치 추천,25782.0,프로모션 순비용이 재배치 비용보다 높습니다.,25.35983465166514,21.706586826347305,18,0,65.1,검토 가능,25782.0,229.0,208,False,Greedy 선택 후보보다 우선순위가 낮음,25782.0,27543.0,25782.0,26.98,27.27,26.98,54.0,578.0,229.0,311.0,재고 이동,재고 이동,72.073,일치,72.073,49.851,24.243,17.597
유어스 복숭아아이스티,구로점,문래점,238.0,재배치 추천,28101.0,프로모션 순비용이 재배치 비용보다 높습니다.,23.918320409019564,23.053892215568865,18,0,65.0,검토 가능,28101.0,238.0,209,False,Greedy 선택 후보보다 우선순위가 낮음,0.0,28101.0,28101.0,0.0,27.89,27.89,56.0,584.0,238.0,350.0,재고 이동,재고 이동,72.959,일치,72.959,50.412,24.437,17.404
농심 육개장사발면,잠원점,신촌2점,168.0,재배치 추천,11391.0,프로모션 순비용이 재배치 비용보다 높습니다.,34.305428211782626,12.574850299401197,18,0,64.9,검토 가능,11391.0,168.0,210,False,Greedy 선택 후보보다 우선순위가 낮음,11391.0,15726.0,11391.0,10.99,14.14,10.99,22.0,372.0,225.0,168.0,재고 이동,재고 이동,71.853,일치,71.853,49.319,23.885,18.316
유어스 불고기피자,광명5점,마포점,181.0,재배치 추천,14523.0,프로모션 순비용이 재배치 비용보다 높습니다.,32.35854481033116,14.520958083832337,18,0,64.9,검토 가능,14523.0,181.0,211,False,Greedy 선택 후보보다 우선순위가 낮음,14523.0,28956.0,14523.0,14.47,28.839999999999996,14.47,29.0,894.0,181.0,665.0,재고 이동,재고 이동,80.486,일치,80.486,55.455,26.504,19.237
유어스 불고기피자,수원5점,평촌4점,214.0,재배치 추천,22362.0,프로모션 순비용이 재배치 비용보다 높습니다.,27.485741814169607,19.46107784431138,18,0,64.9,검토 가능,22362.0,214.0,212,False,Greedy 선택 후보보다 우선순위가 낮음,22362.0,61194.0,22362.0,23.18,64.66,23.18,46.0,894.0,214.0,695.0,재고 이동,재고 이동,80.328,일치,80.328,55.71,26.817,19.028
유어스 직화불고기컵밥,여의도2점,교대점,170.0,재배치 추천,11967.0,프로모션 순비용이 재배치 비용보다 높습니다.,33.947380689676606,12.874251497005988,18,0,64.8,검토 가능,11967.0,170.0,213,False,Greedy 선택 후보보다 우선순위가 낮음,11967.0,21585.0,11967.0,11.63,20.65,11.63,23.0,781.0,170.0,573.0,재고 이동,재고 이동,78.865,일치,78.865,54.23,25.945,19.139
연세우유 생크림우유,역삼점,잠원점,206.0,재배치 추천,20622.0,프로모션 순비용이 재배치 비용보다 높습니다.,28.567343703864864,18.263473053892216,18,0,64.8,검토 가능,20622.0,206.0,214,False,Greedy 선택 후보보다 우선순위가 낮음,0.0,20622.0,20622.0,0.0,19.58,19.58,39.0,853.0,206.0,634.0,재고 이동,재고 이동,79.512,일치,79.512,54.776,26.175,18.595
비비고 김치왕교자,신림점,청량리점,198.0,재배치 추천,18852.0,프로모션 순비용이 재배치 비용보다 높습니다.,29.66759390200314,17.065868263473057,18,0,64.7,검토 가능,18852.0,198.0,215,False,Greedy 선택 후보보다 우선순위가 낮음,18852.0,24645.0,18852.0,19.28,24.049999999999997,19.28,39.0,526.0,198.0,344.0,재고 이동,재고 이동,73.186,일치,73.186,50.461,24.432,18.078
고메 크리스피핫도그,혜화점,구로점,195.0,재배치 추천,18312.0,프로모션 순비용이 재배치 비용보다 높습니다.,30.003263453977528,16.61676646706587,18,0,64.6,검토 가능,18312.0,195.0,216,False,Greedy 선택 후보보다 우선순위가 낮음,18312.0,29676.0,18312.0,18.68,29.64,18.68,37.0,899.0,195.0,715.0,재고 이동,재고 이동,80.833,일치,80.833,55.781,26.653,19.042
연세우유 생크림우유,교대점,잠원점,211.0,재배치 추천,22242.0,프로모션 순비용이 재배치 비용보다 높습니다.,27.56033504794169,19.01197604790419,18,0,64.6,검토 가능,22242.0,211.0,217,False,Greedy 선택 후보보다 우선순위가 낮음,0.0,22242.0,22242.0,0.0,21.380000000000003,21.380000000000003,42.0,853.0,211.0,634.0,재고 이동,재고 이동,79.17,일치,79.17,54.576,26.099,18.454
유어스 스파클링 레몬,판교4점,이태원점,216.0,재배치 추천,23388.0,프로모션 순비용이 재배치 비용보다 높습니다.,26.847969665418265,19.760479041916167,18,0,64.6,검토 가능,23388.0,216.0,218,False,Greedy 선택 후보보다 우선순위가 낮음,23388.0,35850.0,23388.0,24.32,36.5,24.32,49.0,796.0,216.0,614.0,재고 이동,재고 이동,78.076,일치,78.076,54.019,25.979,18.459
혜자로운 햄구이도시락,잠원점,압구정점,142.0,재배치 추천,5820.0,프로모션 순비용이 재배치 비용보다 높습니다.,37.76841908965174,8.682634730538922,18,0,64.5,검토 가능,5820.0,142.0,219,False,Greedy 선택 후보보다 우선순위가 낮음,5820.0,19380.0,5820.0,4.8,18.200000000000003,4.8,10.0,407.0,200.0,142.0,재고 이동,재고 이동,71.581,일치,71.581,49.034,23.743,18.613
광동 옥수수수염차,건대점,강남점,156.0,재배치 추천,9348.0,프로모션 순비용이 재배치 비용보다 높습니다.,35.575378016752396,10.778443113772456,18,0,64.4,검토 가능,9348.0,156.0,220,False,Greedy 선택 후보보다 우선순위가 낮음,9348.0,23394.0,9348.0,8.72,22.66,8.72,17.0,381.0,203.0,156.0,재고 이동,재고 이동,71.233,일치,71.233,48.893,23.721,18.399
연세우유 생크림우유,문래점,잠실점,217.0,재배치 추천,24063.0,프로모션 순비용이 재배치 비용보다 높습니다.,26.428382725450277,19.91017964071856,18,0,64.3,검토 가능,24063.0,217.0,221,False,Greedy 선택 후보보다 우선순위가 낮음,24063.0,26193.0,24063.0,25.07,25.770000000000003,25.07,50.0,853.0,217.0,660.0,재고 이동,재고 이동,78.698,일치,78.698,54.402,26.074,18.409
유어스 스파클링 레몬,목동점,문래점,232.0,재배치 추천,27723.0,프로모션 순비용이 재배치 비용보다 높습니다.,24.15328909540164,22.15568862275449,18,0,64.3,검토 가능,27723.0,232.0,222,False,Greedy 선택 후보보다 우선순위가 낮음,0.0,27723.0,27723.0,0.0,27.47,27.47,55.0,796.0,232.0,630.0,재고 이동,재고 이동,78.083,일치,78.083,53.961,25.877,17.968
유어스 치즈케이크,문래점,잠원점,175.0,재배치 추천,14325.0,프로모션 순비용이 재배치 비용보다 높습니다.,32.481623646055105,13.622754491017963,18,0,64.1,검토 가능,14325.0,175.0,223,False,Greedy 선택 후보보다 우선순위가 낮음,14325.0,22845.0,14325.0,14.25,22.05,14.25,28.0,376.0,175.0,191.0,재고 이동,재고 이동,70.127,일치,70.127,48.231,23.46,17.949
연세우유 생크림우유,교대점,강남점,211.0,재배치 추천,22980.0,프로모션 순비용이 재배치 비용보다 높습니다.,27.10158666024336,19.01197604790419,18,0,64.1,검토 가능,22980.0,211.0,224,False,Greedy 선택 후보보다 우선순위가 낮음,0.0,22980.0,22980.0,0.0,22.200000000000003,22.200000000000003,44.0,853.0,211.0,636.0,재고 이동,재고 이동,78.622,일치,78.622,54.219,25.939,18.303
고메 크리스피핫도그,성수점,구로점,203.0,재배치 추천,21300.0,프로모션 순비용이 재배치 비용보다 높습니다.,28.145891933052575,17.81437125748503,18,0,64.0,검토 가능,21300.0,203.0,225,False,Greedy 선택 후보보다 우선순위가 낮음,21300.0,25257.0,21300.0,22.0,24.73,22.0,44.0,899.0,203.0,715.0,재고 이동,재고 이동,79.8,일치,79.8,55.106,26.338,18.66
농심 육개장사발면,청량리점,신촌2점,168.0,재배치 추천,12894.0,프로모션 순비용이 재배치 비용보다 높습니다.,33.37114795878724,12.574850299401197,18,0,63.9,검토 가능,12894.0,168.0,226,False,Greedy 선택 후보보다 우선순위가 낮음,12894.0,25959.0,12894.0,12.66,25.509999999999998,12.66,25.0,372.0,205.0,168.0,재고 이동,재고 이동,70.405,일치,70.405,48.415,23.538,18.074
빙그레 붕어싸만코,상암점,잠실2점,221.0,재배치 추천,25782.0,프로모션 순비용이 재배치 비용보다 높습니다.,25.35983465166514,20.508982035928145,18,0,63.9,검토 가능,25782.0,221.0,227,False,Greedy 선택 후보보다 우선순위가 낮음,25782.0,27543.0,25782.0,26.98,27.27,26.98,54.0,479.0,221.0,307.0,재고 이동,재고 이동,70.834,일치,70.834,48.999,23.849,17.361
유어스 과일컵,홍대6점,일산4점,232.0,재배치 추천,28428.0,프로모션 순비용이 재배치 비용보다 높습니다.,23.715053846990628,22.15568862275449,18,0,63.9,검토 가능,28428.0,232.0,228,False,Greedy 선택 후보보다 우선순위가 낮음,28428.0,38433.0,28428.0,29.92,39.37,29.92,60.0,718.0,232.0,546.0,재고 이동,재고 이동,75.416,일치,75.416,52.296,25.275,17.834
유어스 닭가슴살샌드위치,교대점,강남점,207.0,재배치 추천,22980.0,프로모션 순비용이 재배치 비용보다 높습니다.,27.10158666024336,18.41317365269461,18,0,63.5,검토 가능,22980.0,207.0,229,False,Greedy 선택 후보보다 우선순위가 낮음,0.0,22980.0,22980.0,0.0,22.200000000000003,22.200000000000003,44.0,433.0,211.0,207.0,재고 이동,재고 이동,69.368,일치,69.368,47.804,23.267,17.187
심플리쿡 리코타치즈샐러드,화성6점,군포3점,223.0,재배치 추천,27006.0,프로모션 순비용이 재배치 비용보다 높습니다.,24.598983667189852,20.808383233532936,18,0,63.4,검토 가능,27006.0,223.0,230,False,Greedy 선택 후보보다 우선순위가 낮음,27006.0,77628.0,27006.0,28.34,82.92,28.34,57.0,774.0,223.0,523.0,재고 이동,재고 이동,74.918,일치,74.918,52.046,25.358,18.29
농심 육개장사발면,잠원점,선릉점,134.0,재배치 추천,5721.0,프로모션 순비용이 재배치 비용보다 높습니다.,37.82995850751371,7.48502994011976,18,0,63.3,검토 가능,5721.0,134.0,231,False,Greedy 선택 후보보다 우선순위가 낮음,5721.0,19713.0,5721.0,4.69,18.57,4.69,9.0,372.0,225.0,134.0,재고 이동,재고 이동,71.078,일치,71.078,48.69,23.563,18.486
유어스 불고기피자,광명5점,평촌4점,181.0,재배치 추천,17124.0,프로모션 순비용이 재배치 비용보다 높습니다.,30.741736468321186,14.520958083832337,18,0,63.3,검토 가능,17124.0,181.0,232,False,Greedy 선택 후보보다 우선순위가 낮음,17124.0,43140.0,17124.0,17.36,44.599999999999994,17.36,35.0,894.0,181.0,695.0,재고 이동,재고 이동,79.24,일치,79.24,54.746,26.24,18.927
유어스 에그마요샌드위치,역삼점,강남점,190.0,재배치 추천,19281.0,프로모션 순비용이 재배치 비용보다 높습니다.,29.40092309126793,15.868263473053892,18,0,63.3,검토 가능,19281.0,190.0,233,False,Greedy 선택 후보보다 우선순위가 낮음,0.0,19281.0,19281.0,0.0,18.09,18.09,36.0,647.0,190.0,396.0,재고 이동,재고 이동,73.327,일치,73.327,50.463,24.328,17.842
심플리쿡 리코타치즈샐러드,신촌4점,군포3점,224.0,재배치 추천,27348.0,프로모션 순비용이 재배치 비용보다 높습니다.,24.38639295093941,20.958083832335326,18,0,63.3,검토 가능,27348.0,224.0,234,False,Greedy 선택 후보보다 우선순위가 낮음,27348.0,35337.0,27348.0,28.72,35.93,28.72,57.0,774.0,224.0,523.0,재고 이동,재고 이동,74.6,일치,74.6,51.693,24.989,17.736
유어스 제육덮밥컵밥,건대점,사당점,171.0,재배치 추천,14793.0,프로모션 순비용이 재배치 비용보다 높습니다.,32.190710034343965,13.023952095808383,18,0,63.2,검토 가능,14793.0,171.0,235,False,Greedy 선택 후보보다 우선순위가 낮음,14793.0,26112.0,14793.0,14.77,25.68,14.77,30.0,367.0,225.0,171.0,재고 이동,재고 이동,69.793,일치,69.793,48.039,23.366,17.823
유어스 치즈케이크,문래점,강남점,175.0,재배치 추천,15855.0,프로모션 순비용이 재배치 비용보다 높습니다.,31.530559915461,13.622754491017963,18,0,63.2,검토 가능,15855.0,175.0,236,False,Greedy 선택 후보보다 우선순위가 낮음,15855.0,23997.0,15855.0,15.95,23.33,15.95,32.0,376.0,175.0,190.0,재고 이동,재고 이동,68.951,일치,68.951,47.464,23.122,17.65
혜자로운 햄구이도시락,잠원점,강남2점,200.0,재배치 추천,21846.0,프로모션 순비용이 재배치 비용보다 높습니다.,27.80649271938958,17.365269461077844,18,0,63.2,검토 가능,21846.0,200.0,237,False,Greedy 선택 후보보다 우선순위가 낮음,0.0,21846.0,21846.0,0.0,20.939999999999998,20.939999999999998,42.0,407.0,200.0,204.0,재고 이동,재고 이동,68.978,일치,68.978,47.51,23.124,17.175
유어스 스파클링 레몬,분당4점,문래점,242.0,재배치 추천,31929.0,프로모션 순비용이 재배치 비용보다 높습니다.,21.538796251690005,23.652694610778443,18,0,63.2,검토 가능,31929.0,242.0,238,False,Greedy 선택 후보보다 우선순위가 낮음,31929.0,43122.0,31929.0,33.81,44.580000000000005,33.81,68.0,796.0,242.0,630.0,재고 이동,재고 이동,76.21,일치,76.21,52.825,25.505,17.873
유어스 제육덮밥컵밥,잠실점,사당점,171.0,재배치 추천,14937.0,프로모션 순비용이 재배치 비용보다 높습니다.,32.101198153817464,13.023952095808383,18,0,63.1,검토 가능,14937.0,171.0,239,False,Greedy 선택 후보보다 우선순위가 낮음,14937.0,30612.0,14937.0,14.93,30.68,14.93,30.0,367.0,213.0,171.0,재고 이동,재고 이동,69.492,일치,69.492,47.861,23.313,17.815
카페25 아이스카페라떼,여의도2점,시흥4점,211.0,재배치 추천,24585.0,프로모션 순비용이 재배치 비용보다 높습니다.,26.103902158541704,19.01197604790419,18,0,63.1,검토 가능,24585.0,211.0,240,False,Greedy 선택 후보보다 우선순위가 낮음,24585.0,41988.0,24585.0,25.65,43.32,25.65,51.0,608.0,211.0,354.0,재고 이동,재고 이동,71.277,일치,71.277,49.373,24.046,17.549
유어스 냉동볶음밥,잠실점,목동점,223.0,재배치 추천,27492.0,프로모션 순비용이 재배치 비용보다 높습니다.,24.296881070412905,20.808383233532936,18,0,63.1,검토 가능,27492.0,223.0,241,False,Greedy 선택 후보보다 우선순위가 낮음,27492.0,29712.0,27492.0,28.88,29.68,28.88,58.0,573.0,223.0,341.0,재고 이동,재고 이동,70.55,일치,70.55,48.858,23.782,17.18
유어스 과일컵,홍대6점,성남3점,232.0,재배치 추천,29724.0,프로모션 순비용이 재배치 비용보다 높습니다.,22.909446922252094,22.15568862275449,18,0,63.1,검토 가능,29724.0,232.0,242,False,Greedy 선택 후보보다 우선순위가 낮음,29724.0,31422.0,29724.0,31.36,31.580000000000002,31.36,63.0,718.0,232.0,557.0,재고 이동,재고 이동,74.682,일치,74.682,51.77,24.992,17.567
남양 불가리스,잠원점,강남2점,198.0,재배치 추천,21846.0,프로모션 순비용이 재배치 비용보다 높습니다.,27.80649271938958,17.065868263473057,18,0,62.9,검토 가능,21846.0,198.0,243,False,Greedy 선택 후보보다 우선순위가 낮음,0.0,21846.0,21846.0,0.0,20.939999999999998,20.939999999999998,42.0,672.0,198.0,439.0,재고 이동,재고 이동,73.486,일치,73.486,50.639,24.406,17.673
해태 홈런볼,강남점,역삼점,187.0,재배치 추천,19281.0,프로모션 순비용이 재배치 비용보다 높습니다.,29.40092309126793,15.419161676646706,18,0,62.8,검토 가능,19281.0,187.0,244,False,Greedy 선택 후보보다 우선순위가 낮음,0.0,19281.0,19281.0,0.0,18.09,18.09,36.0,533.0,187.0,292.0,재고 이동,재고 이동,70.751,일치,70.751,48.679,23.574,17.507
유어스 매콤닭강정,잠실점,목동점,221.0,재배치 추천,27492.0,프로모션 순비용이 재배치 비용보다 높습니다.,24.296881070412905,20.508982035928145,18,0,62.8,검토 가능,27492.0,221.0,245,False,Greedy 선택 후보보다 우선순위가 낮음,27492.0,29712.0,27492.0,28.88,29.68,28.88,58.0,681.0,221.0,533.0,재고 이동,재고 이동,74.183,일치,74.183,51.378,24.806,17.587
남양 불가리스,문래점,잠원점,165.0,재배치 추천,14325.0,프로모션 순비용이 재배치 비용보다 높습니다.,32.481623646055105,12.125748502994012,18,0,62.6,검토 가능,14325.0,165.0,246,False,Greedy 선택 후보보다 우선순위가 낮음,14325.0,22845.0,14325.0,14.25,22.05,14.25,28.0,672.0,165.0,412.0,재고 이동,재고 이동,73.191,일치,73.191,50.366,24.289,18.188
유어스 매콤닭강정,합정점,목동점,204.0,재배치 추천,24204.0,프로모션 순비용이 재배치 비용보다 높습니다.,26.340735675768077,17.964071856287426,18,0,62.3,검토 가능,24204.0,204.0,247,False,Greedy 선택 후보보다 우선순위가 낮음,0.0,24204.0,24204.0,0.0,23.560000000000002,23.560000000000002,47.0,681.0,204.0,533.0,재고 이동,재고 이동,74.599,일치,74.599,51.472,24.749,17.622
심플리쿡 리코타치즈샐러드,군포3점,종로점,225.0,재배치 추천,29292.0,프로모션 순비용이 재배치 비용보다 높습니다.,23.177982563831605,21.107784431137723,18,0,62.3,검토 가능,29292.0,225.0,248,False,Greedy 선택 후보보다 우선순위가 낮음,29292.0,36273.0,29292.0,30.88,36.97,30.88,62.0,774.0,225.0,509.0,재고 이동,재고 이동,73.0,일치,73.0,50.638,24.527,17.359
CJ 비비고 왕교자,교대점,수원4점,232.0,재배치 추천,31380.0,프로모션 순비용이 재배치 비용보다 높습니다.,21.8800602961973,22.15568862275449,18,0,62.0,검토 가능,31380.0,232.0,249,False,Greedy 선택 후보보다 우선순위가 낮음,31380.0,47622.0,31380.0,33.2,49.58,33.2,66.0,525.0,232.0,319.0,재고 이동,재고 이동,68.763,일치,68.763,47.781,23.412,16.864
매일 바이오 플레인요거트,구로점,홍대점,143.0,재배치 추천,10131.0,프로모션 순비용이 재배치 비용보다 높습니다.,35.08865716638953,8.832335329341317,18,0,61.9,검토 가능,10131.0,143.0,250,False,Greedy 선택 후보보다 우선순위가 낮음,10131.0,23538.0,10131.0,9.59,22.82,9.59,19.0,536.0,143.0,265.0,재고 이동,재고 이동,69.996,일치,69.996,48.07,23.298,18.014
유어스 제육덮밥컵밥,청량리점,사당점,171.0,재배치 추천,16863.0,프로모션 순비용이 재배치 비용보다 높습니다.,30.903976751775474,13.023952095808383,18,0,61.9,검토 가능,16863.0,171.0,251,False,Greedy 선택 후보보다 우선순위가 낮음,16863.0,27471.0,16863.0,17.07,27.19,17.07,34.0,367.0,221.0,171.0,재고 이동,재고 이동,68.288,일치,68.288,47.054,22.932,17.448
브레디크 골든단팥빵,압구정점,건대점,125.0,재배치 추천,5964.0,프로모션 순비용이 재배치 비용보다 높습니다.,37.67890720912524,6.137724550898203,18,0,61.8,검토 가능,5964.0,125.0,252,False,Greedy 선택 후보보다 우선순위가 낮음,5964.0,21090.0,5964.0,4.96,20.1,4.96,10.0,216.0,208.0,125.0,재고 이동,재고 이동,69.201,일치,69.201,47.413,22.99,18.143
유어스 직화불고기컵밥,역삼점,문래점,174.0,재배치 추천,17799.0,프로모션 순비용이 재배치 비용보다 높습니다.,30.322149528353197,13.47305389221557,18,0,61.8,검토 가능,17799.0,174.0,253,False,Greedy 선택 후보보다 우선순위가 낮음,17799.0,25050.0,17799.0,18.11,24.5,18.11,36.0,781.0,174.0,578.0,재고 이동,재고 이동,75.349,일치,75.349,51.957,24.946,18.182
유어스 닭가슴살샌드위치,건대점,문래점,188.0,재배치 추천,21129.0,프로모션 순비용이 재배치 비용보다 높습니다.,28.252187291177794,15.568862275449103,18,0,61.8,검토 가능,21129.0,188.0,254,False,Greedy 선택 후보보다 우선순위가 낮음,21129.0,24555.0,21129.0,21.81,23.950000000000003,21.81,44.0,433.0,188.0,213.0,재고 이동,재고 이동,67.433,일치,67.433,46.538,22.719,17.053
유어스 과일컵,수원5점,성남3점,204.0,재배치 추천,25413.0,프로모션 순비용이 재배치 비용보다 높습니다.,25.589208845514303,17.964071856287426,18,0,61.6,검토 가능,25413.0,204.0,255,False,Greedy 선택 후보보다 우선순위가 낮음,25413.0,71778.0,25413.0,26.57,76.42,26.57,53.0,718.0,204.0,557.0,재고 이동,재고 이동,73.996,일치,73.996,51.403,24.989,18.027
포카리스웨트,잠원점,종로점,140.0,재배치 추천,10059.0,프로모션 순비용이 재배치 비용보다 높습니다.,35.13341310665278,8.383233532934131,18,0,61.5,검토 가능,10059.0,140.0,256,False,Greedy 선택 후보보다 우선순위가 낮음,10059.0,22179.0,10059.0,9.51,21.31,9.51,19.0,311.0,211.0,140.0,재고 이동,재고 이동,68.49,일치,68.49,47.019,22.842,17.799
빙그레 바나나맛우유,여의도5점,판교4점,215.0,재배치 추천,28212.0,프로모션 순비용이 재배치 비용보다 높습니다.,23.849321667780387,19.610778443113773,18,0,61.5,검토 가능,28212.0,215.0,257,False,Greedy 선택 후보보다 우선순위가 낮음,28212.0,31728.0,28212.0,29.68,31.92,29.68,59.0,782.0,215.0,615.0,재고 이동,재고 이동,74.567,일치,74.567,51.677,24.896,17.519
제주삼다수,잠원점,문래점,157.0,재배치 추천,14325.0,프로모션 순비용이 재배치 비용보다 높습니다.,32.481623646055105,10.928143712574851,18,0,61.4,검토 가능,14325.0,157.0,258,False,Greedy 선택 후보보다 우선순위가 낮음,14325.0,22845.0,14325.0,14.25,22.05,14.25,28.0,448.0,157.0,236.0,재고 이동,재고 이동,68.441,일치,68.441,47.079,22.889,17.546
매일 바이오 플레인요거트,사당점,홍대점,157.0,재배치 추천,14415.0,프로모션 순비용이 재배치 비용보다 높습니다.,32.42567872072604,10.928143712574851,18,0,61.4,검토 가능,14415.0,157.0,259,False,Greedy 선택 후보보다 우선순위가 낮음,14415.0,22152.0,14415.0,14.35,21.28,14.35,29.0,536.0,157.0,265.0,재고 이동,재고 이동,68.889,일치,68.889,47.391,23.012,17.571
서울우유 딸기우유,고양4점,압구정점,224.0,재배치 추천,30435.0,프로모션 순비용이 재배치 비용보다 높습니다.,22.46748201215248,20.958083832335326,18,0,61.4,검토 가능,30435.0,224.0,260,False,Greedy 선택 후보보다 우선순위가 낮음,30435.0,31935.0,30435.0,32.15,32.150000000000006,32.15,64.0,904.0,224.0,692.0,재고 이동,재고 이동,75.898,일치,75.898,52.582,25.272,17.629
브레디크 초코크림빵,여의도2점,홍대점,117.0,재배치 추천,4947.0,프로모션 순비용이 재배치 비용보다 높습니다.,38.31108486534367,4.940119760479042,18,0,61.3,검토 가능,4947.0,117.0,261,False,Greedy 선택 후보보다 우선순위가 낮음,4947.0,17625.0,4947.0,3.83,16.25,3.83,8.0,306.0,218.0,117.0,재고 이동,재고 이동,68.966,일치,68.966,47.21,22.864,18.104
브레디크 골든단팥빵,압구정점,강남2점,124.0,재배치 추천,6549.0,프로모션 순비용이 재배치 비용보다 높습니다.,37.315265194486315,5.9880239520958085,18,0,61.3,검토 가능,6549.0,124.0,262,False,Greedy 선택 후보보다 우선순위가 낮음,6549.0,19452.0,6549.0,5.61,18.28,5.61,11.0,216.0,208.0,124.0,재고 이동,재고 이동,68.671,일치,68.671,47.05,22.817,17.999
유어스 밀크푸딩,문래점,강남2점,168.0,재배치 추천,17088.0,프로모션 순비용이 재배치 비용보다 높습니다.,30.76411443845281,12.574850299401197,18,0,61.3,검토 가능,17088.0,168.0,263,False,Greedy 선택 후보보다 우선순위가 낮음,17088.0,25428.0,17088.0,17.32,24.92,17.32,35.0,351.0,227.0,168.0,재고 이동,재고 이동,67.743,일치,67.743,46.675,22.743,17.299
포카리스웨트,건대점,종로점,140.0,재배치 추천,10617.0,프로모션 순비용이 재배치 비용보다 높습니다.,34.786554569612576,8.383233532934131,18,0,61.2,검토 가능,10617.0,140.0,264,False,Greedy 선택 후보보다 우선순위가 낮음,10617.0,21153.0,10617.0,10.13,20.17,10.13,20.0,311.0,223.0,140.0,재고 이동,재고 이동,68.376,일치,68.376,46.947,22.799,17.725
유어스 닭가슴살샌드위치,구로점,문래점,213.0,재배치 추천,28101.0,프로모션 순비용이 재배치 비용보다 높습니다.,23.918320409019564,19.311377245508982,18,0,61.2,검토 가능,28101.0,213.0,265,False,Greedy 선택 후보보다 우선순위가 낮음,0.0,28101.0,28101.0,0.0,27.89,27.89,56.0,433.0,230.0,213.0,재고 이동,재고 이동,66.871,일치,66.871,46.215,22.57,16.408
농심 육개장사발면,잠원점,문래점,154.0,재배치 추천,14325.0,프로모션 순비용이 재배치 비용보다 높습니다.,32.481623646055105,10.479041916167663,18,0,61.0,검토 가능,14325.0,154.0,266,False,Greedy 선택 후보보다 우선순위가 낮음,14325.0,22845.0,14325.0,14.25,22.05,14.25,28.0,372.0,225.0,154.0,재고 이동,재고 이동,67.801,일치,67.801,46.638,22.691,17.44
남양 불가리스,문래점,압구정점,165.0,재배치 추천,16863.0,프로모션 순비용이 재배치 비용보다 높습니다.,30.903976751775474,12.125748502994012,18,0,61.0,검토 가능,16863.0,165.0,267,False,Greedy 선택 후보보다 우선순위가 낮음,16863.0,21693.0,16863.0,17.07,20.770000000000003,17.07,34.0,672.0,165.0,439.0,재고 이동,재고 이동,71.853,일치,71.853,49.498,23.88,17.743
카페25 아이스아메리카노,화성4점,평촌4점,223.0,재배치 추천,30804.0,프로모션 순비용이 재배치 비용보다 높습니다.,22.238107818303313,20.808383233532936,18,0,61.0,검토 가능,30804.0,223.0,268,False,Greedy 선택 후보보다 우선순위가 낮음,30804.0,73110.0,30804.0,32.56,77.9,32.56,65.0,447.0,223.0,223.0,재고 이동,재고 이동,66.071,일치,66.071,46.029,22.754,16.753
남양 불가리스,문래점,강남2점,165.0,재배치 추천,17088.0,프로모션 순비용이 재배치 비용보다 높습니다.,30.76411443845281,12.125748502994012,18,0,60.9,검토 가능,17088.0,165.0,269,False,Greedy 선택 후보보다 우선순위가 낮음,17088.0,25428.0,17088.0,17.32,24.92,17.32,35.0,672.0,165.0,439.0,재고 이동,재고 이동,71.655,일치,71.655,49.391,23.851,17.72
유어스 에너지드링크,문래점,홍대점,121.0,재배치 추천,6630.0,프로모션 순비용이 재배치 비용보다 높습니다.,37.26491476169016,5.538922155688622,18,0,60.8,검토 가능,6630.0,121.0,270,False,Greedy 선택 후보보다 우선순위가 낮음,6630.0,20595.0,6630.0,5.7,19.55,5.7,11.0,257.0,173.0,121.0,재고 이동,재고 이동,67.489,일치,67.489,46.239,22.471,17.835
유어스 블랙보리,성수점,잠실점,124.0,재배치 추천,7377.0,프로모션 순비용이 재배치 비용보다 높습니다.,36.80057188145892,5.9880239520958085,18,0,60.8,검토 가능,7377.0,124.0,271,False,Greedy 선택 후보보다 우선순위가 낮음,7377.0,17778.0,7377.0,6.53,16.42,6.53,13.0,219.0,226.0,124.0,재고 이동,재고 이동,68.422,일치,68.422,46.891,22.728,17.863
카페25 아이스아메리카노,일산4점,신촌4점,208.0,재배치 추천,27600.0,프로모션 순비용이 재배치 비용보다 높습니다.,24.22974716001803,18.562874251497004,18,0,60.8,검토 가능,27600.0,208.0,272,False,Greedy 선택 후보보다 우선순위가 낮음,27600.0,37614.0,27600.0,29.0,38.46,29.0,58.0,447.0,217.0,208.0,재고 이동,재고 이동,65.828,일치,65.828,45.648,22.416,16.52
심플리쿡 훈제란,압구정점,강남2점,120.0,재배치 추천,6549.0,프로모션 순비용이 재배치 비용보다 높습니다.,37.315265194486315,5.389221556886228,18,0,60.7,검토 가능,6549.0,120.0,273,False,Greedy 선택 후보보다 우선순위가 낮음,6549.0,19452.0,6549.0,5.61,18.28,5.61,11.0,365.0,144.0,120.0,재고 이동,재고 이동,66.786,일치,66.786,45.742,22.256,17.741
카페25 헤이즐넛라떼,문래점,홍대3점,121.0,재배치 추천,6720.0,프로모션 순비용이 재배치 비용보다 높습니다.,37.20896983636109,5.538922155688622,18,0,60.7,검토 가능,6720.0,121.0,274,False,Greedy 선택 후보보다 우선순위가 낮음,6720.0,20901.0,6720.0,5.8,19.89,5.8,12.0,275.0,247.0,121.0,재고 이동,재고 이동,68.821,일치,68.821,47.176,22.855,17.958
광동 옥수수수염차,잠원점,문래점,152.0,재배치 추천,14325.0,프로모션 순비용이 재배치 비용보다 높습니다.,32.481623646055105,10.179640718562874,18,0,60.7,검토 가능,14325.0,152.0,275,False,Greedy 선택 후보보다 우선순위가 낮음,14325.0,22845.0,14325.0,14.25,22.05,14.25,28.0,381.0,224.0,152.0,재고 이동,재고 이동,67.491,일치,67.491,46.425,22.593,17.381
고메 치즈함박스테이크,홍대점,잠원점,146.0,재배치 추천,12912.0,프로모션 순비용이 재배치 비용보다 높습니다.,33.359958973721426,9.281437125748502,18,0,60.6,검토 가능,12912.0,146.0,276,False,Greedy 선택 후보보다 우선순위가 낮음,12912.0,18282.0,12912.0,12.68,16.98,12.68,25.0,327.0,203.0,146.0,재고 이동,재고 이동,67.155,일치,67.155,46.134,22.44,17.38
유어스 치즈케이크,강남2점,강남점,177.0,재배치 추천,20505.0,프로모션 순비용이 재배치 비용보다 높습니다.,28.640072106792648,13.922155688622754,18,0,60.6,검토 가능,20505.0,177.0,277,False,Greedy 선택 후보보다 우선순위가 낮음,0.0,20505.0,20505.0,0.0,19.450000000000003,19.450000000000003,39.0,376.0,177.0,190.0,재고 이동,재고 이동,66.333,일치,66.333,45.66,22.257,16.748
유어스 에그마요샌드위치,강남점,사당점,198.0,재배치 추천,25554.0,프로모션 순비용이 재배치 비용보다 높습니다.,25.501561795832103,17.065868263473057,18,0,60.6,검토 가능,25554.0,198.0,278,False,Greedy 선택 후보보다 우선순위가 낮음,0.0,25554.0,25554.0,0.0,25.06,25.06,50.0,647.0,198.0,465.0,재고 이동,재고 이동,71.39,일치,71.39,49.289,23.798,17.039
CJ 비비고 왕교자,교대점,의정부3점,232.0,재배치 추천,33621.0,프로모션 순비용이 재배치 비용보다 높습니다.,20.48703165550358,22.15568862275449,18,0,60.6,검토 가능,33621.0,232.0,279,False,Greedy 선택 후보보다 우선순위가 낮음,33621.0,41565.0,33621.0,35.69,42.849999999999994,35.69,71.0,525.0,232.0,273.0,재고 이동,재고 이동,66.2,일치,66.2,46.011,22.612,16.29
심플리쿡 훈제란,압구정점,강남점,114.0,재배치 추천,5667.0,프로모션 순비용이 재배치 비용보다 높습니다.,37.86352546271115,4.491017964071856,18,0,60.4,검토 가능,5667.0,114.0,280,False,Greedy 선택 후보보다 우선순위가 낮음,5667.0,20181.0,5667.0,4.63,19.090000000000003,4.63,9.0,365.0,144.0,114.0,재고 이동,재고 이동,66.581,일치,66.581,45.586,22.179,17.754
유어스 밀크푸딩,역삼점,강남2점,168.0,재배치 추천,18552.0,프로모션 순비용이 재배치 비용보다 높습니다.,29.854076986433356,12.574850299401197,18,0,60.4,검토 가능,18552.0,168.0,281,False,Greedy 선택 후보보다 우선순위가 낮음,0.0,18552.0,18552.0,0.0,17.28,17.28,35.0,351.0,235.0,168.0,재고 이동,재고 이동,67.283,일치,67.283,46.274,22.488,16.952
유어스 불고기피자,평촌4점,압구정점,179.0,재배치 추천,21228.0,프로모션 순비용이 재배치 비용보다 높습니다.,28.190647873315825,14.221556886227546,18,0,60.4,검토 가능,21228.0,179.0,282,False,Greedy 선택 후보보다 우선순위가 낮음,21228.0,33375.0,21228.0,21.92,33.75,21.92,44.0,894.0,179.0,702.0,재고 이동,재고 이동,76.097,일치,76.097,52.612,25.227,18.018
유어스 불고기피자,광명5점,압구정점,181.0,재배치 추천,21723.0,프로모션 순비용이 재배치 비용보다 높습니다.,27.88295078400597,14.520958083832337,18,0,60.4,검토 가능,21723.0,181.0,283,False,Greedy 선택 후보보다 우선순위가 낮음,21723.0,27993.0,21723.0,22.47,27.77,22.47,45.0,894.0,181.0,702.0,재고 이동,재고 이동,76.029,일치,76.029,52.542,25.173,17.938
브레디크 초코크림빵,여의도5점,홍대점,117.0,재배치 추천,6477.0,프로모션 순비용이 재배치 비용보다 높습니다.,37.36002113474957,4.940119760479042,18,0,60.3,검토 가능,6477.0,117.0,284,False,Greedy 선택 후보보다 우선순위가 낮음,6477.0,18957.0,6477.0,5.53,17.73,5.53,11.0,306.0,221.0,117.0,재고 이동,재고 이동,67.956,일치,67.956,46.557,22.575,17.836
농심 육개장사발면,혜화점,문래점,154.0,재배치 추천,15432.0,프로모션 순비용이 재배치 비용보다 높습니다.,31.793501064507605,10.479041916167663,18,0,60.3,검토 가능,15432.0,154.0,285,False,Greedy 선택 후보보다 우선순위가 낮음,15432.0,29046.0,15432.0,15.48,28.94,15.48,31.0,372.0,204.0,154.0,재고 이동,재고 이동,66.52,일치,66.52,45.818,22.364,17.214
제주삼다수,문래점,강남점,156.0,재배치 추천,15855.0,프로모션 순비용이 재배치 비용보다 높습니다.,31.530559915461,10.778443113772456,18,0,60.3,검토 가능,15855.0,156.0,286,False,Greedy 선택 후보보다 우선순위가 낮음,15855.0,23997.0,15855.0,15.95,23.33,15.95,32.0,448.0,156.0,272.0,재고 이동,재고 이동,67.856,일치,67.856,46.723,22.715,17.301
유어스 닭가슴살샌드위치,구로점,건대점,185.0,재배치 추천,22920.0,프로모션 순비용이 재배치 비용보다 높습니다.,27.138883277129402,15.119760479041917,18,0,60.3,검토 가능,22920.0,185.0,287,False,Greedy 선택 후보보다 우선순위가 낮음,22920.0,26562.0,22920.0,23.8,26.18,23.8,48.0,433.0,230.0,185.0,재고 이동,재고 이동,66.079,일치,66.079,45.66,22.322,16.69
농심 육개장사발면,청량리점,선릉점,134.0,재배치 추천,10842.0,프로모션 순비용이 재배치 비용보다 높습니다.,34.64669225628992,7.48502994011976,18,0,60.1,검토 가능,10842.0,134.0,288,False,Greedy 선택 후보보다 우선순위가 낮음,10842.0,19794.0,10842.0,10.38,18.66,10.38,21.0,372.0,205.0,134.0,재고 이동,재고 이동,66.889,일치,66.889,45.922,22.33,17.436
혜자로운 햄구이도시락,마포점,강남2점,169.0,재배치 추천,19284.0,프로모션 순비용이 재배치 비용보다 높습니다.,29.39905826042363,12.724550898203594,18,0,60.1,검토 가능,19284.0,169.0,289,False,Greedy 선택 후보보다 우선순위가 낮음,19284.0,22926.0,19284.0,19.76,22.14,19.76,40.0,407.0,169.0,204.0,재고 이동,재고 이동,65.816,일치,65.816,45.378,22.163,16.83
매일 바이오 플레인요거트,구로점,사당점,143.0,재배치 추천,13200.0,프로모션 순비용이 재배치 비용보다 높습니다.,33.180935212668416,8.832335329341317,18,0,60.0,검토 가능,13200.0,143.0,290,False,Greedy 선택 후보보다 우선순위가 낮음,13200.0,29658.0,13200.0,13.0,29.619999999999997,13.0,26.0,536.0,143.0,330.0,재고 이동,재고 이동,69.104,일치,69.104,47.569,23.07,17.629
유어스 햄치즈샌드위치,마포점,강남점,162.0,재배치 추천,17826.0,프로모션 순비용이 재배치 비용보다 높습니다.,30.30536605075448,11.676646706586826,18,0,60.0,검토 가능,17826.0,162.0,291,False,Greedy 선택 후보보다 우선순위가 낮음,17826.0,21495.0,17826.0,18.14,20.549999999999997,18.14,36.0,362.0,196.0,162.0,재고 이동,재고 이동,65.798,일치,65.798,45.323,22.123,16.908
유어스 스파클링 레몬,판교4점,문래점,216.0,재배치 추천,31029.0,프로모션 순비용이 재배치 비용보다 높습니다.,22.098245504980653,19.760479041916167,18,0,59.9,검토 가능,31029.0,216.0,292,False,Greedy 선택 후보보다 우선순위가 낮음,31029.0,34689.0,31029.0,32.81,35.21,32.81,66.0,796.0,216.0,630.0,재고 이동,재고 이동,73.002,일치,73.002,50.612,24.425,17.153
유어스 직화불고기컵밥,역삼점,교대점,174.0,재배치 추천,21027.0,프로모션 순비용이 재배치 비용보다 높습니다.,28.315591539884068,13.47305389221557,18,0,59.8,검토 가능,21027.0,174.0,293,False,Greedy 선택 후보보다 우선순위가 낮음,0.0,21027.0,21027.0,0.0,20.03,20.03,40.0,781.0,174.0,573.0,재고 이동,재고 이동,73.353,일치,73.353,50.547,24.253,17.471
카페25 아이스카페라떼,시흥4점,교대점,201.0,재배치 추천,27510.0,프로모션 순비용이 재배치 비용보다 높습니다.,24.28569208534709,17.514970059880238,18,0,59.8,검토 가능,27510.0,201.0,294,False,Greedy 선택 후보보다 우선순위가 낮음,27510.0,44355.0,27510.0,28.9,45.95,28.9,58.0,608.0,201.0,416.0,재고 이동,재고 이동,68.935,일치,68.935,47.85,23.325,16.86
카페25 헤이즐넛라떼,문래점,신촌6점,122.0,재배치 추천,8601.0,프로모션 순비용이 재배치 비용보다 높습니다.,36.03972089698364,5.688622754491018,18,0,59.7,검토 가능,8601.0,122.0,295,False,Greedy 선택 후보보다 우선순위가 낮음,8601.0,19362.0,8601.0,7.89,18.18,7.89,16.0,275.0,247.0,122.0,재고 이동,재고 이동,67.632,일치,67.632,46.389,22.496,17.621
유어스 치즈케이크,강남2점,잠원점,177.0,재배치 추천,21846.0,프로모션 순비용이 재배치 비용보다 높습니다.,27.80649271938958,13.922155688622754,18,0,59.7,검토 가능,21846.0,177.0,296,False,Greedy 선택 후보보다 우선순위가 낮음,0.0,21846.0,21846.0,0.0,20.939999999999998,20.939999999999998,42.0,376.0,177.0,191.0,재고 이동,재고 이동,65.365,일치,65.365,45.027,21.975,16.489
유어스 스트링치즈,신림점,여의도점,181.0,재배치 추천,22881.0,프로모션 순비용이 재배치 비용보다 높습니다.,27.163126078105332,14.520958083832337,18,0,59.7,검토 가능,22881.0,181.0,297,False,Greedy 선택 후보보다 우선순위가 낮음,0.0,22881.0,22881.0,0.0,22.09,22.09,44.0,929.0,181.0,758.0,재고 이동,재고 이동,76.829,일치,76.829,53.002,25.281,17.757
유어스 스파클링 레몬,목동점,분당4점,232.0,재배치 추천,35205.0,프로모션 순비용이 재배치 비용보다 높습니다.,19.50240096971204,22.15568862275449,18,0,59.7,검토 가능,35205.0,232.0,298,False,Greedy 선택 후보보다 우선순위가 낮음,35205.0,45687.0,35205.0,37.45,47.43000000000001,37.45,75.0,796.0,232.0,522.0,재고 이동,재고 이동,70.313,일치,70.313,48.796,23.75,16.808
제주삼다수,문래점,강남2점,156.0,재배치 추천,17088.0,프로모션 순비용이 재배치 비용보다 높습니다.,30.76411443845281,10.778443113772456,18,0,59.5,검토 가능,17088.0,156.0,299,False,Greedy 선택 후보보다 우선순위가 낮음,17088.0,25428.0,17088.0,17.32,24.92,17.32,35.0,448.0,156.0,257.0,재고 이동,재고 이동,66.619,일치,66.619,45.907,22.363,17.031
유어스 밀크푸딩,문래점,신림점,115.0,재배치 추천,7377.0,프로모션 순비용이 재배치 비용보다 높습니다.,36.80057188145892,4.640718562874251,18,0,59.4,검토 가능,7377.0,115.0,300,False,Greedy 선택 후보보다 우선순위가 낮음,7377.0,25806.0,7377.0,6.53,25.34,6.53,13.0,351.0,227.0,115.0,재고 이동,재고 이동,67.144,일치,67.144,46.062,22.379,17.675
